experience_years,education_tier,skills_count,job_role,location_tier,certifications_count,projects_count,technical_expertise_score,salary
18.6,1,14,Software Engineer,3,1,4,9.7,211400.0
2.8,1,8,Software Engineer,2,2,4,5.3,131200.0
0.5,3,12,Data Scientist,3,5,6,6.4,133700.0
2.5,1,8,Full Stack Engineer,1,0,1,4.1,144600.0
0.8,2,10,Data Scientist,2,1,7,5.2,140000.0
3.6,3,21,Frontend Engineer,2,1,4,6.9,144000.0
4.7,2,21,Machine Learning Engineer,2,0,0,6.5,173100.0
2.5,1,23,DevOps Engineer,2,3,3,7.0,144700.0
0.4,3,5,DevOps Engineer,1,2,7,4.8,159300.0
2.5,3,16,DevOps Engineer,1,5,5,7.0,198500.0
0.3,3,16,Frontend Engineer,3,1,7,4.9,102900.0
4.6,2,20,Full Stack Engineer,1,5,4,7.8,195600.0
6.2,2,20,Backend Engineer,2,2,1,8.0,173900.0
13.1,1,9,Frontend Engineer,2,0,1,6.4,178400.0
0.6,2,17,Software Engineer,1,4,7,6.2,149000.0
3.0,2,24,Full Stack Engineer,3,0,5,7.3,124300.0
3.4,3,17,Full Stack Engineer,2,2,0,6.4,142700.0
10.2,2,15,Frontend Engineer,3,1,4,7.8,150900.0
3.9,2,8,Frontend Engineer,1,2,0,6.2,151600.0
0.6,3,8,Data Scientist,2,4,1,5.9,144600.0
2.3,3,7,Data Scientist,3,1,3,4.4,116500.0
4.3,2,16,Software Engineer,3,4,4,7.1,135600.0
4.8,3,7,Cloud Architect,3,3,6,6.5,181600.0
8.0,4,21,Full Stack Engineer,2,5,3,9.6,216000.0
0.8,3,19,DevOps Engineer,1,0,5,5.4,160800.0
12.1,3,21,Backend Engineer,1,3,4,9.4,265100.0
0.2,3,5,Backend Engineer,3,2,1,4.4,97100.0
16.5,2,7,Full Stack Engineer,3,3,4,9.7,214300.0
7.8,2,23,Software Engineer,2,0,1,8.4,174000.0
4.3,2,20,DevOps Engineer,1,1,2,7.2,182700.0
5.3,1,23,Data Scientist,2,5,1,7.9,177000.0
0.3,2,9,Data Scientist,1,4,1,5.2,151900.0
0.2,2,21,Data Scientist,2,1,5,5.7,142400.0
0.4,2,23,Backend Engineer,1,5,4,8.2,166600.0
0.4,3,10,Backend Engineer,3,3,3,5.0,103200.0
3.2,3,16,Software Engineer,1,2,1,7.1,161900.0
1.0,1,12,Backend Engineer,2,3,7,5.2,131400.0
7.9,2,5,Frontend Engineer,1,0,4,5.3,192200.0
2.4,3,11,Backend Engineer,2,0,1,5.2,135900.0
4.8,3,17,Data Scientist,2,2,0,7.8,178000.0
4.2,3,21,Software Engineer,3,5,7,8.0,150600.0
1.5,4,4,Full Stack Engineer,1,1,0,2.6,147100.0
1.1,4,12,Full Stack Engineer,1,0,0,3.8,136800.0
1.7,2,12,Software Engineer,3,0,7,5.0,111800.0
6.4,2,5,Frontend Engineer,1,2,0,4.9,166500.0
3.5,3,19,Full Stack Engineer,1,1,3,5.9,183100.0
1.2,2,7,Data Scientist,2,3,7,5.0,142100.0
6.8,3,16,Full Stack Engineer,2,4,5,6.4,190300.0
0.2,2,20,Full Stack Engineer,1,2,1,5.8,142500.0
4.8,3,14,Data Scientist,1,1,0,5.5,199200.0
2.3,2,5,Backend Engineer,3,4,4,4.5,122200.0
5.3,2,7,Frontend Engineer,2,2,0,5.3,141400.0
10.5,2,15,DevOps Engineer,1,3,2,7.7,250600.0
5.5,3,5,Data Scientist,1,3,2,6.2,216300.0
2.3,2,4,Data Scientist,2,1,5,5.1,140800.0
0.7,3,9,Machine Learning Engineer,1,1,3,4.3,160500.0
6.6,3,19,Software Engineer,3,3,6,7.5,145200.0
2.5,3,5,Cloud Architect,2,3,2,4.9,178000.0
0.3,3,17,Frontend Engineer,2,2,7,5.1,118900.0
5.1,2,23,Backend Engineer,3,5,4,7.8,154500.0
1.4,2,15,Machine Learning Engineer,1,5,0,5.7,182400.0
0.2,2,22,DevOps Engineer,1,1,2,5.2,135900.0
9.3,3,6,Data Scientist,2,4,2,8.2,222400.0
2.6,3,22,DevOps Engineer,2,3,3,6.8,161600.0
1.3,2,14,DevOps Engineer,1,4,7,4.4,165000.0
5.0,2,7,DevOps Engineer,1,1,2,5.0,189500.0
8.7,2,20,Machine Learning Engineer,1,1,7,6.9,264000.0
0.0,2,20,Cloud Architect,1,0,0,5.4,154900.0
4.7,2,10,Backend Engineer,2,3,5,6.2,164200.0
5.8,2,8,Machine Learning Engineer,2,5,6,7.0,213700.0
0.9,2,22,Machine Learning Engineer,2,5,5,7.4,174400.0
2.7,2,24,Cloud Architect,1,1,7,6.6,198300.0
0.4,2,22,Machine Learning Engineer,1,1,5,5.2,166100.0
5.5,1,12,Data Scientist,1,3,6,6.7,208000.0
7.5,2,20,Data Scientist,1,0,7,7.9,232600.0
0.5,2,12,Software Engineer,1,0,1,5.6,131200.0
6.8,1,17,Full Stack Engineer,1,0,0,6.6,181300.0
5.9,2,8,Frontend Engineer,2,0,2,5.4,151400.0
1.7,2,5,Software Engineer,3,2,2,4.9,107600.0
4.7,2,18,Backend Engineer,1,3,6,8.1,198000.0
0.0,3,19,Machine Learning Engineer,3,3,2,5.9,127900.0
10.7,2,22,Data Scientist,3,3,3,9.6,199200.0
3.2,2,4,Machine Learning Engineer,3,5,4,5.3,151000.0
3.9,2,15,Data Scientist,3,0,0,6.0,131200.0
4.4,2,22,DevOps Engineer,2,0,5,7.3,165600.0
3.3,3,23,Frontend Engineer,2,5,2,7.3,148400.0
7.8,2,18,Software Engineer,1,5,6,8.3,216800.0
3.8,2,8,Software Engineer,2,1,1,5.8,131900.0
9.5,2,4,Backend Engineer,2,2,3,6.8,200500.0
3.5,2,14,DevOps Engineer,2,5,4,7.7,172300.0
0.8,1,12,Software Engineer,2,3,2,6.0,101000.0
9.8,2,10,Software Engineer,2,2,5,7.0,191200.0
4.6,2,5,Full Stack Engineer,2,5,0,7.6,169100.0
4.8,1,20,Cloud Architect,1,3,1,7.6,208500.0
16.9,2,19,Frontend Engineer,2,0,5,7.7,213300.0
0.3,3,19,Machine Learning Engineer,3,0,3,5.2,115600.0
2.2,2,17,Cloud Architect,3,3,0,6.2,138300.0
1.1,2,5,Software Engineer,3,4,6,5.6,118300.0
4.0,2,22,Backend Engineer,1,0,0,6.4,166700.0
6.6,2,6,Machine Learning Engineer,3,1,3,6.3,163000.0
13.6,3,11,Data Scientist,1,5,6,9.5,312400.0
2.4,2,24,DevOps Engineer,3,0,0,5.9,119500.0
6.2,2,22,DevOps Engineer,1,1,7,7.4,205600.0
10.0,2,19,Software Engineer,2,2,6,7.9,191900.0
4.6,2,7,Software Engineer,2,0,6,5.1,146800.0
1.1,2,11,Machine Learning Engineer,2,5,1,5.6,150700.0
3.7,3,4,Cloud Architect,2,0,1,4.5,181400.0
14.0,3,7,Data Scientist,2,5,7,8.7,267200.0
17.5,2,10,Full Stack Engineer,2,2,6,9.1,252400.0
4.1,3,4,Frontend Engineer,1,5,0,7.2,173300.0
8.7,2,21,Full Stack Engineer,2,1,2,7.8,191800.0
0.9,3,7,Cloud Architect,1,4,7,4.1,191200.0
1.1,3,23,Backend Engineer,2,5,0,8.2,152600.0
12.2,2,17,Machine Learning Engineer,1,5,2,10.0,298300.0
0.6,2,11,Software Engineer,2,1,0,3.6,105900.0
0.8,3,21,Full Stack Engineer,2,3,5,6.2,139700.0
2.2,2,10,Frontend Engineer,1,3,4,5.9,148900.0
3.6,2,6,Backend Engineer,2,3,1,5.8,145900.0
3.7,2,24,DevOps Engineer,2,5,0,8.3,176200.0
1.4,3,17,Cloud Architect,3,2,1,6.0,137700.0
10.1,3,15,Full Stack Engineer,3,1,3,7.1,172200.0
9.9,2,18,Software Engineer,2,5,4,7.7,198400.0
2.0,3,11,Frontend Engineer,2,0,2,6.0,132800.0
2.3,2,8,Software Engineer,1,5,7,5.4,172000.0
4.8,4,20,Software Engineer,1,3,3,7.6,204900.0
4.4,2,13,Backend Engineer,1,1,4,5.9,170800.0
1.9,1,14,Frontend Engineer,3,0,3,5.7,92300.0
2.1,1,19,Data Scientist,1,1,1,6.2,162300.0
1.7,2,19,DevOps Engineer,2,2,5,6.4,141600.0
1.1,2,7,Cloud Architect,1,3,4,3.4,173500.0
2.5,3,8,Software Engineer,1,4,3,5.3,162900.0
4.6,2,13,Cloud Architect,1,5,2,7.7,231200.0
5.4,4,17,Frontend Engineer,2,3,4,7.7,177900.0
6.0,2,12,Software Engineer,2,3,4,6.3,167700.0
1.9,2,21,Full Stack Engineer,2,2,3,5.6,140500.0
5.8,2,23,Full Stack Engineer,2,0,5,7.3,171000.0
0.0,3,9,Frontend Engineer,3,3,7,3.2,96900.0
2.6,2,14,DevOps Engineer,3,0,6,4.6,118500.0
6.3,3,24,Backend Engineer,3,0,6,8.5,155200.0
4.0,4,20,Data Scientist,2,2,6,7.9,189700.0
2.6,2,12,Full Stack Engineer,1,3,6,6.3,182300.0
4.1,2,6,Backend Engineer,3,5,0,6.4,130500.0
9.5,3,19,Data Scientist,1,2,2,7.1,244900.0
3.3,3,23,Full Stack Engineer,1,2,2,6.8,177800.0
6.4,2,7,Data Scientist,2,4,6,6.5,198500.0
15.8,2,18,Machine Learning Engineer,2,5,3,10.0,297400.0
4.9,2,5,Software Engineer,1,2,5,5.2,177100.0
3.4,2,23,Frontend Engineer,2,4,1,8.6,147600.0
0.2,2,20,Full Stack Engineer,2,0,1,5.1,111200.0
1.9,2,22,Full Stack Engineer,2,5,6,7.4,157000.0
3.3,2,23,Cloud Architect,2,5,7,8.5,207700.0
6.4,2,19,Software Engineer,2,0,0,6.0,154400.0
2.3,4,22,Full Stack Engineer,1,1,7,6.0,185200.0
12.9,3,24,Full Stack Engineer,1,5,0,10.0,279200.0
1.3,3,20,Machine Learning Engineer,1,1,3,6.1,173400.0
5.5,3,7,Full Stack Engineer,2,0,5,5.0,164300.0
2.2,2,21,Full Stack Engineer,2,3,1,6.8,143900.0
2.7,3,7,Full Stack Engineer,2,1,2,4.4,142600.0
6.5,3,24,Backend Engineer,2,2,5,7.5,185100.0
1.4,3,6,Full Stack Engineer,2,5,1,5.9,147200.0
0.4,2,21,Software Engineer,1,1,5,5.7,133200.0
2.9,2,24,Machine Learning Engineer,1,5,3,8.5,207600.0
3.0,1,23,Full Stack Engineer,3,0,1,5.8,114900.0
6.4,2,8,Data Scientist,2,3,4,6.1,180700.0
13.8,4,12,Machine Learning Engineer,2,0,6,7.8,270400.0
0.2,2,18,Machine Learning Engineer,2,3,3,6.0,140800.0
3.6,3,12,Data Scientist,3,5,4,7.3,163500.0
4.6,2,17,Software Engineer,2,1,7,6.2,152700.0
17.0,2,24,Backend Engineer,1,2,5,10.0,293200.0
11.4,1,5,DevOps Engineer,3,2,3,7.3,181900.0
5.0,2,21,Cloud Architect,1,0,7,6.7,233600.0
3.0,2,16,DevOps Engineer,1,5,2,6.6,189500.0
0.7,2,24,Software Engineer,1,3,3,7.4,147800.0
1.9,2,19,Backend Engineer,2,1,3,5.5,136300.0
3.5,3,9,Frontend Engineer,2,3,6,5.8,140800.0
5.2,2,19,Data Scientist,2,3,3,7.4,181000.0
4.0,3,7,Cloud Architect,3,3,3,5.6,173600.0
5.0,2,13,Machine Learning Engineer,1,5,0,7.1,223800.0
2.2,2,22,Machine Learning Engineer,2,1,4,6.0,159000.0
5.2,2,14,Machine Learning Engineer,2,5,3,6.5,196700.0
0.6,3,8,Data Scientist,3,3,3,5.9,122300.0
0.7,2,21,Data Scientist,1,5,5,6.9,176900.0
0.7,2,6,Cloud Architect,3,2,0,4.4,123000.0
8.9,3,11,DevOps Engineer,1,0,1,6.5,225100.0
0.3,1,14,DevOps Engineer,3,4,7,6.6,104800.0
6.5,1,24,DevOps Engineer,2,3,5,9.6,192200.0
1.1,3,22,Backend Engineer,3,2,5,6.6,131400.0
2.5,2,24,Machine Learning Engineer,1,5,6,7.9,212400.0
9.9,2,6,Software Engineer,1,2,6,6.1,211200.0
3.5,2,15,Backend Engineer,1,0,7,4.8,171200.0
0.9,1,18,Machine Learning Engineer,2,0,0,4.3,129600.0
1.3,2,19,Data Scientist,2,4,7,6.3,157400.0
10.1,2,8,Data Scientist,3,4,0,6.4,187300.0
2.2,3,22,Data Scientist,2,4,6,8.0,179100.0
3.5,2,9,Machine Learning Engineer,1,1,0,5.5,189900.0
2.5,2,15,DevOps Engineer,1,1,5,5.6,167600.0
1.9,3,22,Data Scientist,1,2,5,7.4,189700.0
1.0,2,12,Frontend Engineer,3,5,6,5.5,108700.0
4.6,3,21,Data Scientist,3,0,3,6.2,145200.0
5.1,3,6,Cloud Architect,3,3,0,4.7,163400.0
1.3,2,17,Cloud Architect,2,0,7,5.8,157800.0
6.2,2,24,Machine Learning Engineer,1,1,0,7.2,214200.0
7.7,4,8,DevOps Engineer,1,2,6,6.5,245400.0
10.1,4,8,Backend Engineer,2,3,5,8.0,218100.0
0.7,2,7,Data Scientist,3,4,5,6.0,122600.0
1.4,1,19,DevOps Engineer,1,4,0,6.8,160500.0
7.9,2,16,DevOps Engineer,1,1,3,7.4,216600.0
0.9,2,11,Full Stack Engineer,2,2,2,4.6,113900.0
0.0,2,24,Frontend Engineer,2,5,2,8.4,121900.0
8.2,2,19,Cloud Architect,1,0,7,7.2,250000.0
1.6,3,5,Machine Learning Engineer,3,1,1,4.3,130500.0
2.1,2,11,Data Scientist,1,5,3,6.1,177900.0
2.4,3,6,Full Stack Engineer,3,5,5,6.5,144400.0
7.5,2,12,Machine Learning Engineer,1,0,0,6.4,224100.0
1.6,1,14,Backend Engineer,1,3,6,6.4,158500.0
8.9,2,24,Frontend Engineer,1,0,0,8.3,185100.0
3.8,1,23,DevOps Engineer,1,3,7,7.5,192600.0
3.0,2,4,Data Scientist,2,5,7,6.3,171200.0
1.6,3,4,Backend Engineer,2,2,0,4.7,127600.0
1.1,2,11,Machine Learning Engineer,2,1,7,4.3,146300.0
3.9,3,19,Full Stack Engineer,2,0,7,5.7,156700.0
2.4,2,13,Machine Learning Engineer,1,2,7,5.8,192100.0
9.7,1,5,Cloud Architect,1,2,2,7.2,257700.0
2.7,2,19,Machine Learning Engineer,3,0,6,6.9,139500.0
2.9,3,7,Frontend Engineer,3,4,5,4.7,121300.0
2.2,2,22,Data Scientist,1,5,6,7.7,195000.0
6.2,2,12,Backend Engineer,2,4,0,7.5,177900.0
2.2,3,6,Frontend Engineer,2,3,0,5.4,127600.0
1.3,3,14,Full Stack Engineer,1,2,2,6.2,156100.0
7.9,2,11,DevOps Engineer,2,1,0,7.0,182000.0
3.6,3,10,Data Scientist,2,1,7,4.8,173100.0
3.6,2,4,DevOps Engineer,1,2,6,4.4,184100.0
3.8,3,11,Frontend Engineer,1,4,1,6.7,177500.0
5.1,2,20,Full Stack Engineer,3,5,5,8.8,160900.0
1.5,2,14,Full Stack Engineer,1,2,6,5.7,157000.0
0.1,2,10,Backend Engineer,1,3,4,4.2,140000.0
6.7,2,12,Cloud Architect,2,2,6,6.1,209900.0
0.6,2,17,Machine Learning Engineer,2,0,6,5.6,143800.0
5.1,3,8,Full Stack Engineer,1,4,1,6.2,198100.0
0.3,3,21,Cloud Architect,3,0,7,5.7,132500.0
1.9,2,16,Full Stack Engineer,2,0,3,6.0,132100.0
0.3,2,8,Machine Learning Engineer,1,2,6,3.9,161100.0
3.0,2,11,Software Engineer,2,5,1,6.3,148100.0
4.2,2,18,Full Stack Engineer,2,2,1,6.5,154400.0
0.8,4,7,Data Scientist,1,5,6,5.7,191200.0
1.9,2,4,DevOps Engineer,2,1,6,4.7,141100.0
10.7,2,9,DevOps Engineer,2,5,2,7.4,227300.0
2.3,2,22,Frontend Engineer,2,0,3,6.2,115300.0
6.5,2,15,Machine Learning Engineer,2,2,6,7.5,201600.0
10.5,2,10,Machine Learning Engineer,2,1,5,6.0,227800.0
14.7,2,16,Machine Learning Engineer,1,0,6,8.5,306100.0
9.1,2,10,Data Scientist,2,1,5,6.1,201900.0
1.5,1,12,Machine Learning Engineer,2,4,1,5.6,150200.0
13.1,2,4,Data Scientist,3,3,4,6.2,199300.0
6.7,2,24,Cloud Architect,2,0,1,8.4,202500.0
7.3,1,16,Cloud Architect,2,2,0,7.1,203200.0
0.1,3,22,DevOps Engineer,3,5,2,6.7,123500.0
12.3,2,24,Backend Engineer,1,4,0,10.0,258000.0
6.0,3,4,Software Engineer,1,1,7,4.7,193200.0
5.8,2,23,Machine Learning Engineer,1,3,3,7.4,233300.0
0.3,1,24,DevOps Engineer,1,5,3,8.4,163500.0
1.1,2,22,Software Engineer,2,0,2,7.0,128900.0
13.1,2,21,DevOps Engineer,1,3,1,9.3,279500.0
2.8,3,8,Machine Learning Engineer,1,4,3,6.5,214900.0
2.0,1,6,Data Scientist,1,3,4,5.3,175700.0
7.3,2,5,DevOps Engineer,2,0,6,4.6,176900.0
0.4,3,13,Frontend Engineer,3,4,2,5.3,100900.0
2.2,2,9,Software Engineer,3,1,0,5.9,111000.0
1.9,2,22,Software Engineer,1,0,4,5.3,142600.0
1.7,2,20,Data Scientist,2,3,6,8.1,160700.0
1.5,2,22,Cloud Architect,1,0,6,5.7,176400.0
0.9,2,16,Software Engineer,1,4,5,7.3,160200.0
0.8,2,20,Backend Engineer,3,3,2,6.3,104700.0
4.1,3,21,Data Scientist,2,1,4,7.3,175100.0
10.1,3,14,Software Engineer,1,5,6,9.5,250100.0
2.8,1,23,Software Engineer,2,2,2,7.9,134100.0
1.4,2,23,Software Engineer,1,1,0,6.1,132000.0
0.7,2,16,Data Scientist,1,0,1,4.6,132800.0
7.1,2,14,Cloud Architect,2,2,2,7.0,207200.0
14.2,2,23,Frontend Engineer,1,5,3,10.0,257200.0
1.7,3,22,Full Stack Engineer,3,5,7,7.7,140700.0
1.4,3,13,DevOps Engineer,2,4,0,5.6,147500.0
3.7,2,6,Machine Learning Engineer,3,5,0,6.8,150000.0
6.0,2,24,DevOps Engineer,3,3,4,7.9,160600.0
2.4,2,9,Software Engineer,2,3,3,4.5,124400.0
4.0,2,10,DevOps Engineer,2,4,4,7.2,161600.0
5.0,2,24,Full Stack Engineer,1,5,7,8.8,212500.0
12.9,2,23,Full Stack Engineer,2,0,5,9.0,217800.0
0.7,2,8,Software Engineer,1,1,0,5.1,134200.0
20.0,2,12,Software Engineer,1,2,2,10.0,296400.0
2.0,2,13,Machine Learning Engineer,2,4,5,5.8,174200.0
5.1,4,17,Cloud Architect,2,5,3,7.6,223900.0
3.4,2,14,Full Stack Engineer,3,0,0,4.9,117100.0
2.7,2,20,Frontend Engineer,1,0,6,5.2,144300.0
4.8,2,14,Full Stack Engineer,2,2,3,6.8,168000.0
2.0,2,10,Frontend Engineer,3,4,5,6.1,112600.0
0.5,4,14,Cloud Architect,1,1,2,5.6,190000.0
2.7,2,16,DevOps Engineer,1,1,1,6.7,165400.0
3.0,3,22,Backend Engineer,1,4,4,8.0,191800.0
0.9,2,9,Frontend Engineer,3,3,6,5.7,103900.0
11.0,2,5,Machine Learning Engineer,1,5,4,6.6,286000.0
1.0,2,17,Data Scientist,1,1,7,5.4,151800.0
2.1,2,19,Cloud Architect,2,3,7,7.3,179500.0
0.7,2,10,DevOps Engineer,3,4,5,4.9,115800.0
3.1,3,4,Software Engineer,3,5,0,5.8,118400.0
1.5,1,5,Cloud Architect,2,0,0,4.3,129700.0
2.7,2,12,Backend Engineer,3,4,2,6.6,120800.0
1.0,2,21,Full Stack Engineer,1,0,7,6.0,140100.0
0.2,2,24,Frontend Engineer,1,4,0,7.5,135100.0
6.0,2,23,Backend Engineer,3,3,0,8.3,147300.0
4.1,2,21,DevOps Engineer,2,5,0,7.2,169200.0
1.7,2,21,Data Scientist,1,3,3,7.1,177200.0
0.2,2,13,Cloud Architect,2,5,3,6.3,153600.0
8.0,3,11,Frontend Engineer,3,4,7,6.7,163500.0
0.7,3,24,Machine Learning Engineer,3,0,1,6.9,126600.0
10.7,2,11,Full Stack Engineer,3,4,7,8.5,191700.0
2.6,4,5,Full Stack Engineer,2,0,3,3.4,135100.0
1.7,3,21,Frontend Engineer,3,3,7,6.3,113800.0
5.4,2,14,Cloud Architect,2,2,6,6.3,203500.0
8.4,2,14,Data Scientist,2,1,6,6.7,198500.0
1.9,2,22,Cloud Architect,3,3,4,7.2,142800.0
2.1,2,14,Software Engineer,2,4,6,5.8,132800.0
2.3,3,13,Software Engineer,1,4,5,7.0,179400.0
10.2,3,11,Full Stack Engineer,1,0,1,7.5,233900.0
4.7,3,18,DevOps Engineer,2,1,0,7.0,171200.0
1.1,2,11,DevOps Engineer,1,5,4,6.1,169600.0
0.8,2,22,Data Scientist,1,3,1,7.3,159800.0
1.0,2,4,Full Stack Engineer,1,1,5,3.9,141800.0
1.2,2,23,Software Engineer,1,1,1,5.9,133200.0
1.0,2,6,Full Stack Engineer,2,3,4,5.6,129900.0
4.3,2,24,Cloud Architect,1,0,1,7.1,213800.0
0.5,2,15,Frontend Engineer,1,5,4,6.0,133700.0
2.0,2,19,DevOps Engineer,2,0,1,5.5,137000.0
3.9,3,19,DevOps Engineer,3,0,1,5.8,141400.0
1.4,2,20,Machine Learning Engineer,1,2,6,7.6,192900.0
0.3,3,19,Frontend Engineer,1,1,1,5.6,131800.0
0.3,4,12,Machine Learning Engineer,3,2,4,5.2,131800.0
0.5,3,22,Data Scientist,1,0,1,6.2,152500.0
7.2,3,4,Software Engineer,3,5,7,6.1,149700.0
4.3,2,21,Data Scientist,1,3,6,8.2,210000.0
0.3,2,9,Data Scientist,1,1,5,4.1,142000.0
2.0,3,9,Software Engineer,1,3,5,6.6,165700.0
1.3,3,15,Backend Engineer,1,4,3,6.1,169200.0
3.5,2,6,Backend Engineer,3,1,3,5.5,123400.0
3.0,3,14,Full Stack Engineer,3,3,3,4.8,126200.0
2.6,2,9,Backend Engineer,3,0,3,4.0,118200.0
1.5,2,17,Frontend Engineer,3,2,7,5.8,110600.0
0.6,2,21,DevOps Engineer,3,3,3,5.3,117500.0
5.4,2,19,Machine Learning Engineer,2,5,5,8.5,209300.0
8.5,2,16,DevOps Engineer,3,4,0,8.4,175600.0
11.5,1,4,Data Scientist,1,0,1,5.8,226700.0
0.2,2,9,DevOps Engineer,1,4,5,5.3,159700.0
5.4,3,17,Full Stack Engineer,2,5,5,8.4,189200.0
5.2,2,20,Data Scientist,3,5,2,6.9,151800.0
11.8,1,16,Software Engineer,2,2,0,7.7,190000.0
1.2,2,16,Cloud Architect,3,4,4,6.2,140000.0
5.4,2,12,DevOps Engineer,2,5,6,7.3,199600.0
0.2,2,9,Backend Engineer,2,3,0,5.0,120200.0
4.0,2,9,Cloud Architect,3,5,2,7.1,173700.0
1.7,3,8,Software Engineer,1,5,5,6.2,176400.0
5.9,1,24,Full Stack Engineer,3,3,0,8.7,142700.0
8.0,2,17,Machine Learning Engineer,2,0,1,6.2,195400.0
1.8,3,17,Frontend Engineer,2,2,3,6.2,123200.0
3.0,4,7,Backend Engineer,3,2,1,5.0,127400.0
0.5,2,5,Software Engineer,2,1,0,4.9,112400.0
2.2,2,5,Machine Learning Engineer,2,1,5,4.5,151900.0
1.8,1,20,Cloud Architect,2,3,5,6.3,163700.0
0.8,2,13,DevOps Engineer,1,5,2,6.8,158800.0
9.0,2,17,Backend Engineer,2,4,4,8.8,206500.0
0.6,3,22,Data Scientist,1,5,1,6.8,181700.0
4.0,2,20,Frontend Engineer,3,5,2,7.7,120600.0
8.8,2,14,DevOps Engineer,1,4,4,7.9,244200.0
9.7,2,10,Cloud Architect,2,0,3,7.4,233600.0
6.3,4,12,Machine Learning Engineer,3,2,1,6.7,186700.0
0.8,2,17,Backend Engineer,3,3,5,6.6,113500.0
6.8,2,7,DevOps Engineer,2,4,1,6.4,189100.0
1.3,2,17,Frontend Engineer,2,1,5,5.9,125900.0
10.2,2,23,Machine Learning Engineer,1,3,5,10.0,286400.0
4.9,3,23,Data Scientist,1,0,3,6.8,208700.0
6.2,2,20,Cloud Architect,1,3,3,7.9,245100.0
0.4,2,22,Data Scientist,3,4,0,6.1,116600.0
3.5,1,20,Software Engineer,1,0,4,5.8,148400.0
6.9,3,17,Cloud Architect,2,5,2,8.1,231600.0
7.9,2,16,Full Stack Engineer,1,1,6,6.6,214100.0
0.1,4,17,Software Engineer,2,1,6,6.2,128800.0
11.2,2,19,Frontend Engineer,2,4,3,8.8,195400.0
0.2,2,24,Cloud Architect,3,0,0,6.4,119400.0
3.8,2,18,Software Engineer,1,1,4,6.5,177100.0
4.7,2,22,Machine Learning Engineer,1,0,7,6.8,204000.0
0.5,3,14,Backend Engineer,1,3,4,6.6,169800.0
0.2,3,15,Machine Learning Engineer,1,2,1,4.1,158300.0
6.1,2,14,Software Engineer,2,2,0,6.7,163100.0
1.9,2,8,Full Stack Engineer,1,2,0,4.4,153300.0
0.5,1,11,Machine Learning Engineer,1,1,1,3.6,144000.0
5.8,3,9,Machine Learning Engineer,3,4,6,6.0,174500.0
7.6,2,19,Machine Learning Engineer,2,2,2,7.8,208000.0
3.5,2,15,Full Stack Engineer,1,5,6,6.8,190900.0
0.7,2,9,Cloud Architect,1,4,3,6.0,182000.0
0.1,2,16,Machine Learning Engineer,1,2,5,5.4,167200.0
4.8,3,10,Frontend Engineer,2,3,1,6.1,150700.0
3.2,3,11,Data Scientist,2,2,3,5.5,155900.0
4.2,2,15,Full Stack Engineer,2,4,5,7.0,163800.0
6.7,2,5,Frontend Engineer,1,1,0,5.3,163200.0
2.3,2,12,Full Stack Engineer,2,5,6,6.0,152000.0
0.5,4,16,Full Stack Engineer,2,3,1,6.5,145900.0
11.3,2,20,Cloud Architect,2,4,5,9.0,260200.0
3.2,1,16,Data Scientist,3,0,2,5.5,117000.0
3.8,2,19,Backend Engineer,1,2,3,7.1,179200.0
10.8,2,4,Cloud Architect,1,3,6,7.3,290800.0
10.7,1,10,Cloud Architect,3,1,3,6.6,195500.0
3.4,2,16,Frontend Engineer,1,0,3,6.2,154400.0
1.4,3,17,Full Stack Engineer,1,2,0,6.3,169900.0
20.0,2,24,DevOps Engineer,2,3,6,10.0,290300.0
4.6,2,20,Full Stack Engineer,2,5,5,7.8,178200.0
2.1,2,19,Software Engineer,3,4,3,6.8,112500.0
3.3,2,18,Machine Learning Engineer,1,2,4,6.5,198000.0
2.2,2,20,Backend Engineer,1,3,6,6.1,168600.0
8.8,2,5,Data Scientist,1,2,3,6.4,226300.0
2.6,2,15,DevOps Engineer,2,5,0,7.5,157900.0
6.9,2,6,Frontend Engineer,1,3,1,6.9,184700.0
7.3,2,12,Full Stack Engineer,2,4,3,7.2,184100.0
7.0,2,9,Machine Learning Engineer,1,2,3,7.1,246500.0
5.1,3,9,Frontend Engineer,1,3,1,7.4,184200.0
7.7,2,10,Cloud Architect,2,0,5,5.9,218100.0
2.0,2,11,Data Scientist,3,1,5,5.5,130400.0
0.5,2,6,Backend Engineer,3,5,7,4.0,109800.0
7.4,2,18,Software Engineer,3,3,4,7.2,150200.0
2.8,3,9,Cloud Architect,2,3,0,5.7,175700.0
0.5,2,14,Backend Engineer,1,3,1,5.1,141700.0
0.5,3,6,Cloud Architect,1,2,0,5.7,171700.0
0.7,2,19,Software Engineer,2,5,5,7.3,134700.0
5.6,3,9,Frontend Engineer,1,1,1,6.3,176800.0
5.0,4,14,Backend Engineer,1,5,2,7.4,217900.0
0.9,2,11,Cloud Architect,1,2,4,4.5,174100.0
7.5,3,13,Backend Engineer,2,3,7,7.0,196500.0
1.3,2,13,Backend Engineer,1,5,2,6.5,168200.0
6.3,3,6,Data Scientist,1,3,5,5.8,222900.0
2.7,3,17,Frontend Engineer,2,1,6,6.4,145300.0
5.3,4,22,DevOps Engineer,1,0,1,7.4,202000.0
1.9,2,24,Software Engineer,2,2,5,7.0,140000.0
1.7,3,24,Backend Engineer,2,0,1,5.2,134300.0
7.4,2,12,Frontend Engineer,1,5,0,8.8,197000.0
0.1,2,16,DevOps Engineer,3,3,1,5.7,106800.0
14.7,2,12,Machine Learning Engineer,1,3,5,10.0,324000.0
4.2,3,24,Data Scientist,2,4,0,8.5,188200.0
2.3,1,15,Data Scientist,2,4,0,6.4,137400.0
4.0,2,17,Machine Learning Engineer,3,0,1,6.3,144500.0
0.5,2,8,Frontend Engineer,2,4,0,4.1,107100.0
2.9,2,9,Software Engineer,1,5,7,6.9,184000.0
16.8,3,16,Frontend Engineer,2,1,7,10.0,227500.0
1.1,3,16,Frontend Engineer,1,5,5,5.4,165300.0
5.1,2,9,Full Stack Engineer,2,0,6,5.2,152600.0
2.3,2,17,DevOps Engineer,1,5,4,7.0,193300.0
4.2,2,14,Data Scientist,2,4,2,7.5,175100.0
0.9,2,16,Software Engineer,1,4,7,7.6,157700.0
2.5,2,15,Full Stack Engineer,2,1,1,6.0,138000.0
15.7,2,19,Machine Learning Engineer,2,5,7,10.0,299000.0
0.9,2,9,Frontend Engineer,1,1,0,4.7,116000.0
4.0,2,12,Machine Learning Engineer,3,0,0,5.7,142200.0
3.4,2,20,Data Scientist,2,2,5,7.1,165900.0
3.3,2,23,Full Stack Engineer,1,5,0,8.8,191300.0
3.8,2,19,DevOps Engineer,1,5,0,7.5,196100.0
2.8,1,15,Full Stack Engineer,2,1,4,6.3,134000.0
0.1,4,21,Software Engineer,1,4,6,6.0,155900.0
9.2,2,12,DevOps Engineer,3,0,1,6.6,165700.0
7.0,1,6,Frontend Engineer,1,2,1,5.7,173600.0
0.8,2,13,Cloud Architect,1,5,5,6.3,196600.0
2.1,3,14,Cloud Architect,3,0,4,5.0,142700.0
5.9,3,5,Software Engineer,3,4,4,7.0,153800.0
15.7,3,11,Full Stack Engineer,1,2,4,8.3,291200.0
12.1,2,23,DevOps Engineer,2,2,1,8.3,214300.0
9.2,2,14,Full Stack Engineer,1,1,6,6.5,210900.0
0.7,3,21,Software Engineer,2,3,3,7.2,143000.0
9.8,2,23,Full Stack Engineer,3,4,5,8.8,174000.0
8.4,3,10,DevOps Engineer,1,3,5,7.4,239600.0
1.9,2,17,Backend Engineer,1,4,2,6.5,165000.0
2.0,2,10,Data Scientist,1,0,7,5.2,159500.0
2.5,3,4,Frontend Engineer,1,3,7,4.9,158900.0
4.3,2,15,Data Scientist,1,5,4,9.0,213000.0
1.2,1,4,Frontend Engineer,3,5,7,6.4,106900.0
0.1,2,6,DevOps Engineer,1,5,4,5.1,156700.0
0.6,3,5,Full Stack Engineer,2,2,1,4.1,122900.0
2.3,1,6,Cloud Architect,3,1,6,6.5,136500.0
1.3,1,7,DevOps Engineer,2,4,5,4.7,136600.0
5.8,2,17,Software Engineer,2,1,7,6.8,167600.0
0.5,3,21,Cloud Architect,1,4,1,6.8,198400.0
10.0,3,8,Software Engineer,2,5,6,8.0,209100.0
9.0,2,18,Full Stack Engineer,1,2,2,7.0,227600.0
9.6,2,19,Frontend Engineer,3,2,0,8.6,155100.0
5.4,2,11,Full Stack Engineer,1,2,1,5.7,178600.0
0.5,2,24,Frontend Engineer,2,2,6,7.5,116200.0
2.3,3,11,Full Stack Engineer,2,2,6,4.6,144500.0
0.6,2,10,Cloud Architect,2,5,2,5.9,164900.0
17.6,2,9,Full Stack Engineer,1,1,6,7.4,283900.0
1.6,2,10,Full Stack Engineer,1,0,7,3.3,136500.0
3.5,2,22,Cloud Architect,3,3,1,6.9,154300.0
6.0,2,4,Software Engineer,1,1,1,4.9,165100.0
10.1,2,16,Frontend Engineer,1,5,1,9.8,219600.0
5.6,3,10,Machine Learning Engineer,2,3,3,6.5,199200.0
4.5,2,4,Full Stack Engineer,3,0,7,5.4,132000.0
2.5,2,13,Data Scientist,1,4,6,6.2,192900.0
3.7,2,16,Data Scientist,2,0,3,6.2,159100.0
0.4,4,7,DevOps Engineer,2,0,4,3.5,126900.0
8.6,2,10,DevOps Engineer,1,5,3,7.4,238600.0
3.1,4,9,Software Engineer,2,4,2,5.0,154900.0
0.2,3,9,Backend Engineer,3,3,1,5.2,107100.0
10.1,3,24,Machine Learning Engineer,3,2,3,9.2,206300.0
2.7,2,14,Software Engineer,1,4,5,7.0,163800.0
8.1,2,12,Backend Engineer,2,4,1,7.8,185700.0
7.8,1,10,Software Engineer,2,0,0,7.4,157200.0
6.8,2,12,DevOps Engineer,1,4,4,7.4,210000.0
0.3,4,9,Data Scientist,2,1,3,5.0,143500.0
1.1,2,22,Full Stack Engineer,1,2,5,6.3,150300.0
8.3,2,17,Frontend Engineer,1,0,6,6.6,195100.0
9.2,1,4,DevOps Engineer,1,3,5,7.1,233700.0
2.5,3,19,Full Stack Engineer,1,3,1,6.7,173400.0
2.3,2,12,Data Scientist,2,3,0,6.4,154900.0
0.8,2,18,Cloud Architect,1,3,4,6.5,188100.0
13.8,2,22,Frontend Engineer,2,3,4,9.5,211000.0
1.0,3,13,Backend Engineer,1,0,0,5.4,143300.0
0.8,2,19,Backend Engineer,2,1,3,5.3,128300.0
4.3,2,6,Data Scientist,3,1,3,5.5,138000.0
1.1,1,22,Frontend Engineer,1,3,1,7.6,140500.0
11.2,4,16,Full Stack Engineer,2,1,7,7.8,214200.0
0.0,2,17,Data Scientist,2,2,2,6.3,129600.0
0.0,3,10,Backend Engineer,2,1,1,4.7,111100.0
2.8,2,5,Cloud Architect,1,4,1,6.0,203100.0
2.7,2,17,Data Scientist,2,3,6,6.1,164100.0
0.7,2,20,Cloud Architect,1,4,1,6.9,192400.0
2.7,2,16,Full Stack Engineer,1,4,6,6.0,173400.0
2.1,2,5,Software Engineer,2,3,0,6.1,129200.0
8.8,2,8,Cloud Architect,1,5,4,6.5,272000.0
0.0,2,7,Cloud Architect,2,0,4,3.6,124400.0
15.0,2,6,Machine Learning Engineer,2,5,2,8.4,279400.0
3.9,1,17,Machine Learning Engineer,3,1,7,6.7,146200.0
0.7,3,14,DevOps Engineer,1,5,3,7.5,180700.0
0.2,3,11,Machine Learning Engineer,3,2,1,5.4,124600.0
3.1,2,12,Software Engineer,2,5,0,8.5,152100.0
1.1,2,19,Full Stack Engineer,1,5,0,6.2,153700.0
1.4,3,6,DevOps Engineer,1,0,1,3.3,148800.0
1.1,3,13,Frontend Engineer,2,2,0,4.9,114300.0
4.2,4,4,Cloud Architect,3,5,0,6.1,177100.0
3.2,2,12,Data Scientist,2,3,6,5.5,167400.0
0.3,2,19,Full Stack Engineer,2,1,1,5.2,110400.0
3.0,2,12,Software Engineer,1,5,2,7.1,166000.0
6.3,2,15,Cloud Architect,1,0,0,5.6,217800.0
0.3,2,4,DevOps Engineer,1,3,4,3.8,142600.0
8.8,2,19,Backend Engineer,2,0,5,7.2,187700.0
3.5,1,11,Machine Learning Engineer,1,4,4,6.2,199400.0
12.0,2,17,Machine Learning Engineer,1,5,7,10.0,301300.0
0.6,2,17,Full Stack Engineer,1,1,6,5.0,147200.0
20.0,2,13,Cloud Architect,3,1,6,9.4,267300.0
4.1,3,4,Machine Learning Engineer,2,3,7,5.8,193000.0
3.4,3,9,Machine Learning Engineer,1,3,5,6.3,212000.0
2.9,2,12,Cloud Architect,3,3,5,6.9,153700.0
0.1,4,22,Full Stack Engineer,1,1,4,6.2,164900.0
11.2,2,19,Full Stack Engineer,1,5,1,9.7,256800.0
4.1,2,22,DevOps Engineer,1,4,7,8.2,214200.0
0.4,4,14,Software Engineer,1,1,5,4.9,149900.0
0.1,1,24,Software Engineer,1,3,4,6.6,135900.0
0.2,2,14,Machine Learning Engineer,2,2,3,4.3,135200.0
3.8,2,17,DevOps Engineer,2,5,0,8.0,172100.0
3.8,2,10,Full Stack Engineer,2,4,6,6.5,168300.0
2.8,2,15,Full Stack Engineer,2,1,2,6.3,141600.0
1.5,2,23,Machine Learning Engineer,3,2,5,5.0,140000.0
3.0,2,23,Frontend Engineer,1,5,7,8.0,179500.0
2.9,3,8,Backend Engineer,2,4,7,5.4,156300.0
0.1,2,4,Data Scientist,2,1,7,4.7,126600.0
1.3,2,14,Data Scientist,3,5,4,6.9,134400.0
0.2,2,18,Cloud Architect,1,5,7,6.9,193300.0
9.2,3,13,Machine Learning Engineer,1,3,1,7.5,269700.0
5.2,3,18,DevOps Engineer,2,1,6,7.0,185500.0
20.0,3,16,Cloud Architect,2,5,5,10.0,337000.0
1.4,2,18,Data Scientist,1,4,2,6.7,179300.0
8.4,1,5,Software Engineer,2,3,6,6.3,173000.0
3.7,2,16,DevOps Engineer,1,5,1,8.7,199300.0
2.4,2,15,Cloud Architect,3,0,2,6.3,134700.0
1.0,2,7,DevOps Engineer,1,2,2,5.3,157000.0
5.4,4,15,Cloud Architect,1,5,0,6.7,253300.0
9.4,2,18,Software Engineer,1,3,5,8.9,223900.0
1.1,4,16,Frontend Engineer,2,3,5,6.2,135500.0
0.8,1,5,Machine Learning Engineer,1,4,5,5.7,161600.0
4.8,3,23,Software Engineer,2,5,2,8.6,170300.0
15.1,2,19,Machine Learning Engineer,3,5,3,10.0,236400.0
5.5,3,17,Machine Learning Engineer,1,4,3,7.8,241500.0
1.3,1,24,Cloud Architect,2,2,6,5.7,156300.0
2.2,3,5,DevOps Engineer,1,4,3,4.9,182700.0
1.9,2,20,Full Stack Engineer,1,3,7,7.0,179000.0
7.6,2,19,Backend Engineer,1,2,6,8.5,226100.0
5.9,2,7,Backend Engineer,1,2,1,5.6,185500.0
3.6,2,14,Machine Learning Engineer,2,1,0,5.8,162900.0
1.3,2,16,Backend Engineer,1,3,1,5.2,150000.0
11.1,4,9,Backend Engineer,3,3,5,8.6,186800.0
4.2,2,20,Data Scientist,2,4,5,8.3,177700.0
14.1,3,4,DevOps Engineer,2,3,4,8.3,250000.0
3.5,2,12,Data Scientist,3,5,5,7.1,148600.0
6.9,2,24,Full Stack Engineer,3,4,3,9.7,166200.0
6.7,2,21,Frontend Engineer,2,3,0,7.6,161900.0
1.6,3,14,DevOps Engineer,2,5,3,6.0,150800.0
13.3,2,17,Software Engineer,1,1,0,9.3,244400.0
0.1,2,5,Cloud Architect,2,3,7,5.1,151700.0
5.9,2,23,Cloud Architect,2,1,1,6.8,197500.0
13.5,2,14,Cloud Architect,3,3,5,8.6,238800.0
1.7,2,5,Software Engineer,1,3,1,5.9,148600.0
4.2,2,7,Data Scientist,1,0,7,5.1,192100.0
3.3,2,16,Machine Learning Engineer,1,5,3,7.7,211400.0
5.7,1,9,Backend Engineer,3,3,2,5.7,130700.0
8.0,3,10,Full Stack Engineer,1,1,7,6.9,226700.0
3.7,1,23,Frontend Engineer,2,2,0,6.4,126000.0
6.8,3,6,Data Scientist,2,1,5,4.5,187100.0
1.5,2,7,Machine Learning Engineer,1,5,4,6.2,200400.0
1.0,1,24,Full Stack Engineer,2,3,6,7.9,138700.0
2.3,2,23,Cloud Architect,2,4,2,7.4,179000.0
4.5,2,6,Machine Learning Engineer,1,0,7,4.5,196300.0
0.8,2,4,Full Stack Engineer,2,4,1,5.9,123700.0
4.6,2,22,Data Scientist,3,0,0,6.7,135800.0
2.0,2,24,Full Stack Engineer,3,0,2,6.3,117700.0
6.4,2,16,DevOps Engineer,2,4,6,8.7,196800.0
0.2,2,17,Backend Engineer,2,5,4,6.4,135400.0
4.4,2,19,Full Stack Engineer,1,3,2,6.9,192600.0
4.2,3,7,Frontend Engineer,3,1,4,5.7,129100.0
11.3,3,20,Full Stack Engineer,1,4,1,9.0,260400.0
5.0,2,13,DevOps Engineer,2,2,7,6.3,175600.0
6.4,3,10,Software Engineer,1,0,0,5.0,173600.0
9.4,3,16,DevOps Engineer,1,1,1,7.7,236900.0
4.5,2,16,Full Stack Engineer,1,2,0,6.7,178300.0
1.4,2,17,Cloud Architect,2,1,2,6.3,151000.0
8.2,3,9,Machine Learning Engineer,2,3,1,7.5,223600.0
5.5,2,19,Cloud Architect,2,2,0,7.6,205600.0
2.2,1,12,Cloud Architect,1,5,5,6.7,208600.0
5.0,2,23,Data Scientist,3,5,4,8.5,163500.0
8.1,3,19,Software Engineer,1,4,0,8.9,224600.0
14.9,3,24,Data Scientist,1,1,5,9.2,296900.0
12.2,2,24,Machine Learning Engineer,2,5,1,9.0,262800.0
1.6,4,15,Frontend Engineer,3,5,1,7.4,116700.0
2.2,2,19,Backend Engineer,1,4,2,7.4,176900.0
0.5,1,8,Frontend Engineer,2,4,7,5.2,116500.0
1.1,2,14,Software Engineer,2,5,4,7.1,134900.0
8.6,4,4,Machine Learning Engineer,3,1,0,5.5,184300.0
1.8,2,13,Cloud Architect,1,1,1,4.9,169900.0
3.9,1,14,Machine Learning Engineer,2,0,0,5.1,146000.0
4.4,2,18,Cloud Architect,1,0,3,6.6,202900.0
6.1,2,6,Backend Engineer,1,2,7,4.9,199300.0
0.8,2,18,Full Stack Engineer,1,2,4,5.5,153700.0
1.5,1,14,Software Engineer,3,2,4,5.8,93500.0
2.4,3,12,Backend Engineer,1,0,5,4.3,169700.0
1.8,2,5,DevOps Engineer,3,4,3,4.9,123400.0
16.3,2,15,DevOps Engineer,1,5,4,9.0,308900.0
7.2,1,23,Data Scientist,3,3,3,8.8,157900.0
2.6,1,19,Cloud Architect,2,3,0,6.4,167700.0
8.5,2,19,Backend Engineer,1,5,6,8.2,237400.0
1.7,3,24,Data Scientist,2,1,3,5.8,154400.0
6.2,2,4,DevOps Engineer,1,0,2,4.8,195600.0
1.0,3,19,DevOps Engineer,1,1,5,4.9,167900.0
5.9,3,9,Data Scientist,2,3,3,7.6,192000.0
2.4,1,17,Machine Learning Engineer,2,1,0,4.5,138500.0
0.5,2,14,Backend Engineer,2,0,4,4.5,112900.0
1.3,2,4,Machine Learning Engineer,3,0,2,3.9,118600.0
2.1,2,23,DevOps Engineer,1,0,3,5.8,162000.0
5.5,2,20,Machine Learning Engineer,3,3,7,7.8,178900.0
0.3,2,22,Cloud Architect,3,0,7,5.2,127600.0
4.3,2,5,Frontend Engineer,1,2,5,6.2,158600.0
5.0,3,17,Frontend Engineer,1,2,7,6.2,188500.0
4.2,2,11,Machine Learning Engineer,2,5,5,5.5,192000.0
5.7,2,9,Machine Learning Engineer,2,0,0,4.7,170800.0
0.8,2,12,Cloud Architect,1,2,2,5.5,173900.0
3.5,2,8,Data Scientist,1,0,2,4.8,170300.0
11.3,2,8,Machine Learning Engineer,2,3,7,8.1,252200.0
3.8,3,21,Software Engineer,2,2,2,7.4,153100.0
3.8,3,17,Backend Engineer,1,3,3,6.5,191600.0
5.3,2,15,Software Engineer,3,2,0,6.4,130200.0
1.6,2,15,Frontend Engineer,2,4,0,6.2,122500.0
4.8,2,9,Software Engineer,1,4,0,7.6,184400.0
9.9,2,7,Full Stack Engineer,2,5,6,8.2,226000.0
0.0,3,18,Full Stack Engineer,1,5,7,7.8,169400.0
8.2,4,18,Frontend Engineer,2,5,1,9.2,192400.0
1.0,2,20,Software Engineer,1,3,4,6.5,147000.0
2.4,2,6,Backend Engineer,1,2,0,4.3,149600.0
7.7,1,13,Cloud Architect,1,4,1,7.8,252200.0
6.9,1,24,Frontend Engineer,1,0,1,7.6,174500.0
8.9,2,11,Full Stack Engineer,2,1,2,6.8,185200.0
11.3,1,12,Frontend Engineer,2,4,4,8.3,194600.0
2.4,2,6,Software Engineer,1,4,2,4.3,157000.0
4.3,2,4,Software Engineer,1,0,4,5.3,162800.0
2.0,2,14,Software Engineer,3,4,6,6.3,114100.0
1.7,2,16,Data Scientist,1,4,2,5.7,175800.0
2.3,2,15,Software Engineer,1,4,5,6.9,168100.0
5.4,2,24,Machine Learning Engineer,2,5,7,8.2,211900.0
2.8,2,10,Full Stack Engineer,3,5,7,6.7,135000.0
6.7,4,5,DevOps Engineer,3,2,3,6.4,171500.0
5.5,2,4,Full Stack Engineer,2,5,4,7.0,178500.0
0.1,3,23,Data Scientist,1,4,5,6.9,172500.0
4.0,2,6,Full Stack Engineer,2,1,1,4.8,137500.0
2.3,2,7,Full Stack Engineer,1,5,1,5.5,172300.0
2.4,2,20,Frontend Engineer,1,2,4,6.2,153200.0
6.8,1,21,DevOps Engineer,2,2,2,7.8,179900.0
3.2,2,20,DevOps Engineer,2,3,6,7.0,153100.0
8.7,3,22,Software Engineer,1,4,3,8.5,228200.0
5.0,2,7,Machine Learning Engineer,1,1,3,4.7,200800.0
3.2,2,20,Machine Learning Engineer,3,1,0,6.4,135600.0
5.6,2,5,Frontend Engineer,3,3,4,5.6,132500.0
0.2,2,13,Machine Learning Engineer,2,1,3,4.2,132500.0
0.1,3,15,Frontend Engineer,2,2,2,5.9,117500.0
0.3,3,16,DevOps Engineer,3,0,2,6.1,116200.0
2.3,2,14,DevOps Engineer,2,2,1,6.4,141500.0
1.1,2,24,Cloud Architect,2,5,3,7.2,169100.0
16.6,2,11,DevOps Engineer,1,0,3,8.4,288900.0
3.1,4,23,Machine Learning Engineer,1,1,2,7.8,213800.0
4.3,2,8,Full Stack Engineer,2,4,1,5.5,160200.0
1.3,3,5,DevOps Engineer,1,0,3,4.4,153600.0
1.6,2,15,Cloud Architect,1,2,6,4.9,191700.0
1.6,4,5,Backend Engineer,2,2,6,5.6,148700.0
4.8,2,9,Software Engineer,1,5,2,6.5,194700.0
2.6,2,22,Backend Engineer,3,2,1,8.2,135200.0
2.9,2,15,Full Stack Engineer,1,5,1,8.1,183100.0
3.6,4,16,Data Scientist,2,2,2,6.4,181000.0
5.9,4,20,Frontend Engineer,2,3,1,7.3,166400.0
0.4,3,15,Cloud Architect,2,1,5,5.3,158600.0
6.0,3,6,Machine Learning Engineer,1,4,5,6.3,242700.0
3.3,2,11,Machine Learning Engineer,2,5,1,6.4,171900.0
4.4,3,19,Full Stack Engineer,3,3,0,6.3,123300.0
1.6,3,7,Machine Learning Engineer,3,1,7,4.2,133700.0
2.1,2,16,Full Stack Engineer,2,5,7,6.3,155300.0
1.1,2,11,Cloud Architect,3,0,1,4.9,125900.0
15.5,2,4,Backend Engineer,1,3,6,8.9,284200.0
2.7,2,6,Data Scientist,3,5,3,6.4,144300.0
20.0,3,4,Frontend Engineer,3,3,1,9.6,210400.0
2.7,2,18,Machine Learning Engineer,2,3,3,6.2,166700.0
1.0,2,21,Data Scientist,3,3,2,6.8,126900.0
2.8,2,23,Data Scientist,2,0,1,6.9,137900.0
0.2,2,6,Data Scientist,1,2,2,4.0,140700.0
9.4,2,18,Software Engineer,3,3,7,8.5,166200.0
6.8,3,8,Data Scientist,2,1,4,5.9,196300.0
5.2,2,24,DevOps Engineer,2,2,6,8.8,181600.0
3.8,3,13,Full Stack Engineer,2,0,5,6.0,158300.0
3.5,2,10,Software Engineer,3,4,1,6.6,129600.0
20.0,3,11,DevOps Engineer,2,0,2,8.3,269600.0
1.3,2,6,Software Engineer,1,4,4,5.3,150800.0
6.1,1,21,Data Scientist,2,1,3,7.2,170700.0
3.5,2,20,Machine Learning Engineer,3,4,7,7.4,165400.0
14.9,4,19,Machine Learning Engineer,2,5,7,9.6,307100.0
7.0,1,16,Machine Learning Engineer,3,3,3,6.9,167400.0
20.0,2,7,Machine Learning Engineer,3,2,7,9.4,261000.0
3.6,3,6,Full Stack Engineer,2,5,5,6.8,176000.0
0.9,1,14,Cloud Architect,1,2,5,5.2,167400.0
2.8,2,5,Machine Learning Engineer,1,3,6,5.0,187900.0
5.0,2,21,Frontend Engineer,2,2,6,8.4,149600.0
6.0,2,7,Data Scientist,2,0,3,5.2,170600.0
0.0,2,20,Software Engineer,3,3,3,6.2,95000.0
2.8,1,9,Frontend Engineer,3,3,3,5.6,115200.0
1.1,3,13,Machine Learning Engineer,1,2,0,4.6,166500.0
8.3,1,14,Frontend Engineer,2,5,6,8.6,178600.0
0.7,2,8,Software Engineer,2,4,5,4.9,126200.0
4.4,2,21,Machine Learning Engineer,1,1,7,6.9,210800.0
1.2,2,13,Frontend Engineer,2,4,2,6.3,114500.0
1.8,2,12,Full Stack Engineer,3,0,4,6.0,113500.0
11.3,3,19,Full Stack Engineer,1,3,4,8.2,253000.0
1.1,3,13,Data Scientist,1,3,7,6.3,182700.0
0.4,3,13,Cloud Architect,1,0,1,5.2,166000.0
0.3,2,7,Data Scientist,1,1,2,3.8,139100.0
2.8,3,24,DevOps Engineer,2,3,5,7.8,178900.0
4.1,3,17,Frontend Engineer,1,4,7,8.3,186700.0
1.6,2,11,Software Engineer,3,0,7,4.3,102100.0
4.7,2,4,Full Stack Engineer,1,3,0,5.7,172800.0
0.3,2,19,Backend Engineer,2,4,0,6.8,127000.0
7.8,2,20,Cloud Architect,1,0,2,7.7,247500.0
6.8,3,13,Data Scientist,3,0,3,6.7,158500.0
16.9,2,9,DevOps Engineer,2,0,3,8.4,253200.0
11.0,2,10,Full Stack Engineer,3,1,2,7.6,171000.0
1.8,2,21,DevOps Engineer,3,0,5,5.4,111300.0
2.0,2,5,Machine Learning Engineer,2,5,4,5.7,169800.0
5.5,2,24,Frontend Engineer,3,2,3,7.6,129600.0
0.6,4,12,DevOps Engineer,1,2,7,4.4,171500.0
1.5,2,8,Cloud Architect,2,0,1,4.0,138900.0
0.5,3,11,Full Stack Engineer,1,3,5,5.5,155600.0
2.4,2,8,Full Stack Engineer,3,2,5,5.4,121900.0
3.2,2,18,Frontend Engineer,3,4,0,6.4,115000.0
0.9,2,11,Data Scientist,3,4,6,5.2,131900.0
0.1,3,8,Data Scientist,1,3,3,5.3,163700.0
5.1,1,8,Backend Engineer,1,4,4,6.7,191300.0
0.1,2,23,Cloud Architect,1,5,5,7.8,191300.0
14.5,2,20,Backend Engineer,1,3,3,10.0,267900.0
1.0,3,12,Data Scientist,1,4,3,6.2,174200.0
4.4,2,5,Data Scientist,1,0,0,4.4,170400.0
2.3,1,4,Cloud Architect,3,4,1,5.3,134200.0
0.2,2,24,DevOps Engineer,2,0,5,6.9,129500.0
2.6,2,14,Cloud Architect,2,4,6,8.2,193700.0
2.9,3,18,Data Scientist,2,4,1,7.4,172400.0
7.7,3,4,Data Scientist,2,4,4,6.9,214800.0
5.3,2,10,Full Stack Engineer,3,0,6,6.0,135200.0
0.3,3,22,Backend Engineer,2,4,2,6.9,140400.0
0.9,3,18,Frontend Engineer,1,4,2,7.3,154500.0
1.5,2,9,Cloud Architect,2,5,6,6.6,178400.0
0.5,3,23,Software Engineer,3,1,2,6.4,111500.0
2.4,2,13,Frontend Engineer,1,0,4,5.0,143600.0
16.6,2,15,Cloud Architect,2,5,7,9.5,305600.0
2.9,2,16,Machine Learning Engineer,1,2,5,6.7,198300.0
5.4,2,18,Cloud Architect,1,3,3,7.5,236400.0
4.6,2,22,Software Engineer,3,1,7,6.6,141400.0
7.6,3,20,Full Stack Engineer,1,5,1,8.1,228500.0
1.0,3,16,Machine Learning Engineer,1,5,1,7.1,190000.0
5.6,3,5,Backend Engineer,1,4,3,5.2,204300.0
8.5,2,21,Software Engineer,3,2,5,8.4,161000.0
0.8,4,14,Data Scientist,1,2,6,6.0,180900.0
1.7,1,8,Machine Learning Engineer,3,4,1,5.9,126800.0
14.0,2,7,Full Stack Engineer,1,5,5,8.6,281800.0
6.1,2,5,Cloud Architect,3,5,6,5.9,178500.0
1.3,1,19,Cloud Architect,3,4,6,7.2,140000.0
3.3,2,10,Software Engineer,1,1,6,6.1,162600.0
2.1,2,11,Data Scientist,1,0,1,4.5,159200.0
2.7,3,11,Machine Learning Engineer,1,1,2,5.6,193500.0
1.8,4,5,Full Stack Engineer,3,0,2,5.0,114800.0
1.3,3,18,Cloud Architect,1,2,0,6.3,184600.0
4.5,2,8,Machine Learning Engineer,1,3,0,5.7,212800.0
6.0,3,22,Software Engineer,1,4,1,9.0,212700.0
8.3,3,13,Data Scientist,1,1,2,6.5,235200.0
0.7,2,12,Backend Engineer,1,2,5,4.4,144000.0
6.9,3,23,DevOps Engineer,3,1,0,8.3,169400.0
1.2,2,11,Full Stack Engineer,3,5,0,5.9,110600.0
2.2,2,8,Software Engineer,2,0,2,4.3,124300.0
9.3,2,22,Cloud Architect,2,4,5,8.8,244900.0
2.4,2,16,Data Scientist,2,5,0,6.7,157500.0
0.9,3,17,Backend Engineer,2,0,3,6.1,134500.0
0.7,2,11,Machine Learning Engineer,2,5,6,7.0,163600.0
2.6,2,19,Data Scientist,2,0,5,7.0,150900.0
5.8,3,8,DevOps Engineer,2,0,3,6.1,173100.0
20.0,4,4,Backend Engineer,2,5,2,10.0,282600.0
6.2,2,22,Software Engineer,1,2,2,6.9,191400.0
8.4,2,22,Cloud Architect,1,4,0,8.8,264100.0
5.5,2,20,Data Scientist,1,3,1,9.0,224100.0
9.0,2,24,DevOps Engineer,2,1,4,8.2,201800.0
0.3,1,13,Data Scientist,1,0,7,5.5,147600.0
10.6,2,8,Frontend Engineer,2,4,3,7.9,182000.0
2.0,3,10,Full Stack Engineer,2,1,3,3.4,136800.0
10.2,3,19,Data Scientist,3,4,7,9.4,209500.0
0.3,2,6,DevOps Engineer,1,5,7,6.1,173400.0
5.0,2,15,Backend Engineer,2,1,5,6.3,154600.0
5.3,2,17,Full Stack Engineer,2,4,5,8.3,176100.0
20.0,2,23,Software Engineer,1,3,2,10.0,301400.0
5.9,2,4,DevOps Engineer,2,4,6,5.3,182400.0
1.9,1,10,Full Stack Engineer,3,4,1,6.0,114900.0
3.3,2,21,Frontend Engineer,1,0,2,6.6,148200.0
1.8,2,7,Cloud Architect,3,0,0,5.1,132700.0
0.9,2,19,Software Engineer,3,0,1,5.9,109300.0
1.1,2,14,Data Scientist,2,5,0,5.7,144400.0
1.0,2,21,DevOps Engineer,3,4,3,7.1,126900.0
3.2,1,19,Machine Learning Engineer,2,3,7,7.3,175100.0
9.5,2,10,Software Engineer,2,1,2,5.7,182000.0
9.8,2,24,DevOps Engineer,3,0,5,8.3,179900.0
0.2,1,6,Cloud Architect,1,2,7,4.2,153100.0
0.3,2,8,Cloud Architect,1,4,2,4.9,168600.0
1.1,2,21,Software Engineer,1,3,4,7.0,148700.0
1.2,3,20,Frontend Engineer,2,3,1,5.9,137700.0
0.4,2,4,Backend Engineer,1,0,6,3.8,136400.0
2.0,2,19,Software Engineer,3,5,3,7.6,120900.0
3.5,3,18,DevOps Engineer,2,0,4,6.7,159800.0
3.5,3,16,Cloud Architect,3,5,4,6.6,174700.0
3.1,2,10,Backend Engineer,1,2,2,4.7,167000.0
1.7,3,6,Full Stack Engineer,1,2,1,4.9,161200.0
4.9,2,16,Machine Learning Engineer,1,0,2,6.0,199800.0
7.0,4,19,Frontend Engineer,1,1,7,9.1,213400.0
1.7,2,4,Cloud Architect,2,0,1,4.2,144500.0
0.4,3,4,Data Scientist,3,0,7,3.6,107500.0
1.4,3,19,Cloud Architect,1,3,4,6.4,197900.0
0.6,2,5,DevOps Engineer,2,0,0,3.0,112900.0
2.5,3,21,DevOps Engineer,2,0,3,6.5,153600.0
0.7,2,24,DevOps Engineer,1,0,7,6.0,156700.0
2.5,2,21,Software Engineer,2,1,4,6.4,138800.0
1.0,2,8,Machine Learning Engineer,1,3,2,5.2,176900.0
5.4,3,8,Machine Learning Engineer,3,4,6,6.6,174000.0
0.1,2,11,Backend Engineer,3,4,6,4.5,110400.0
3.2,2,12,Software Engineer,1,4,3,7.0,176200.0
0.7,2,17,DevOps Engineer,2,4,7,5.9,144000.0
0.0,2,16,Machine Learning Engineer,1,3,4,5.7,164400.0
8.1,2,21,Cloud Architect,2,0,1,8.3,214900.0
4.5,3,7,DevOps Engineer,3,4,6,7.2,168300.0
0.4,4,21,DevOps Engineer,3,0,2,4.6,114400.0
4.4,2,23,DevOps Engineer,1,4,6,8.1,211900.0
3.8,2,18,Frontend Engineer,1,1,4,6.6,158200.0
2.6,2,10,Data Scientist,2,0,1,3.9,133000.0
2.2,2,16,Full Stack Engineer,3,3,1,6.8,115800.0
8.7,2,5,Cloud Architect,3,5,1,7.4,203800.0
1.1,2,12,Full Stack Engineer,1,1,6,5.1,153200.0
2.0,2,8,Backend Engineer,3,5,3,5.4,122100.0
1.6,2,4,Machine Learning Engineer,3,1,2,4.4,117800.0
5.9,3,22,Full Stack Engineer,1,3,1,8.5,212800.0
9.9,4,23,Backend Engineer,3,1,4,8.6,181700.0
7.6,2,22,Data Scientist,1,0,1,7.2,213700.0
6.4,2,16,DevOps Engineer,1,2,2,6.9,202400.0
17.3,2,9,Cloud Architect,1,2,7,9.1,353500.0
4.8,3,13,Cloud Architect,2,4,5,7.0,213000.0
5.6,2,14,Software Engineer,3,4,7,7.8,152500.0
16.3,3,19,Frontend Engineer,2,0,5,9.1,223800.0
0.0,1,4,Data Scientist,1,3,7,3.7,138500.0
4.0,2,22,Data Scientist,1,0,3,6.9,179200.0
5.4,2,8,Full Stack Engineer,2,4,1,6.2,171600.0
10.0,2,9,Full Stack Engineer,2,1,4,7.3,201100.0
8.6,2,9,Frontend Engineer,2,5,2,7.7,179400.0
7.4,2,8,Cloud Architect,1,0,6,6.2,236000.0
11.7,3,9,Software Engineer,3,0,1,6.4,160500.0
3.1,1,16,Data Scientist,3,3,7,6.7,133700.0
0.0,2,4,Machine Learning Engineer,2,4,6,4.3,146500.0
0.0,2,4,Full Stack Engineer,2,0,3,2.8,105000.0
3.1,2,17,Cloud Architect,3,1,0,5.6,133900.0
2.3,2,11,Data Scientist,2,5,5,6.1,163900.0
2.4,2,12,Software Engineer,2,1,4,6.1,129800.0
2.0,2,13,Cloud Architect,2,2,7,5.3,166300.0
10.0,2,9,Backend Engineer,1,4,7,7.0,245600.0
1.8,2,12,Software Engineer,2,1,5,5.3,130800.0
7.8,2,21,Data Scientist,3,3,7,8.4,182900.0
9.3,4,18,Data Scientist,1,5,1,8.7,271000.0
2.8,2,7,Frontend Engineer,3,4,1,5.6,116300.0
2.4,3,5,Cloud Architect,2,1,0,5.1,161900.0
5.7,2,9,Cloud Architect,2,0,2,5.9,186900.0
4.9,2,20,Cloud Architect,2,4,6,8.2,209700.0
1.6,2,10,Data Scientist,2,1,7,4.2,139900.0
0.4,2,23,Cloud Architect,3,0,6,7.6,125400.0
1.2,2,18,Cloud Architect,2,2,7,6.7,165800.0
0.6,2,24,Full Stack Engineer,3,5,6,7.8,130500.0
1.4,1,5,Machine Learning Engineer,2,4,0,4.5,134600.0
1.2,2,24,Frontend Engineer,2,4,6,8.0,128700.0
4.1,3,15,Data Scientist,3,1,7,5.8,142400.0
12.4,3,13,Cloud Architect,1,2,7,8.1,327800.0
4.6,2,20,Software Engineer,2,3,2,6.4,155200.0
10.5,2,21,Data Scientist,1,1,1,7.7,242100.0
6.1,1,19,Software Engineer,3,1,0,7.4,129100.0
5.2,2,13,Software Engineer,2,3,5,7.4,165000.0
2.1,3,11,Data Scientist,3,3,6,6.2,137300.0
1.6,2,24,Software Engineer,3,3,5,7.6,116200.0
7.5,2,16,Machine Learning Engineer,1,5,6,8.3,261200.0
9.4,2,19,Backend Engineer,1,3,7,8.3,235900.0
2.4,3,11,Frontend Engineer,2,3,1,6.0,132900.0
0.0,2,15,Data Scientist,2,0,0,5.3,117600.0
6.3,2,20,DevOps Engineer,1,0,1,7.0,194800.0
1.3,2,19,Backend Engineer,1,3,7,7.2,180500.0
0.0,2,12,Cloud Architect,2,5,7,5.8,163400.0
6.5,2,22,Software Engineer,1,5,7,8.2,206700.0
2.9,3,20,Software Engineer,3,2,5,6.7,117000.0
4.6,2,11,Frontend Engineer,3,5,7,7.0,132100.0
9.8,3,15,Backend Engineer,3,2,7,7.8,183700.0
3.1,2,12,Backend Engineer,1,3,5,6.9,182200.0
2.8,2,9,Data Scientist,1,5,1,6.8,188300.0
1.4,3,13,Cloud Architect,2,0,6,4.0,154400.0
1.5,2,12,Software Engineer,3,2,1,6.3,103400.0
6.4,3,7,DevOps Engineer,1,0,3,3.8,196300.0
2.4,3,14,Full Stack Engineer,1,1,0,6.9,163100.0
0.7,2,24,Cloud Architect,1,0,7,5.9,173300.0
0.4,3,9,DevOps Engineer,2,3,3,5.0,143500.0
2.6,3,21,Data Scientist,2,5,7,7.6,177700.0
2.5,2,7,Data Scientist,1,5,1,6.2,186300.0
4.2,2,15,Data Scientist,2,4,4,7.1,180300.0
2.5,2,12,Frontend Engineer,2,3,7,5.9,131200.0
0.6,2,18,Frontend Engineer,2,1,5,6.4,112200.0
2.8,2,12,Cloud Architect,2,5,2,7.0,189800.0
9.5,2,9,Data Scientist,3,0,0,5.9,159600.0
0.7,1,14,Machine Learning Engineer,2,2,0,5.9,132000.0
4.7,2,10,Full Stack Engineer,2,3,5,6.6,174900.0
3.6,2,17,Backend Engineer,3,5,2,7.1,142000.0
5.5,2,19,Backend Engineer,3,2,3,7.7,145400.0
0.7,2,18,Software Engineer,1,0,2,5.2,133100.0
11.4,3,23,Backend Engineer,1,5,4,10.0,270600.0
3.9,1,12,DevOps Engineer,3,1,1,5.6,127600.0
7.5,2,22,Backend Engineer,1,3,2,7.0,201800.0
1.1,1,15,Full Stack Engineer,3,2,7,5.4,107600.0
5.4,2,14,Backend Engineer,1,5,6,8.0,201900.0
6.1,1,11,DevOps Engineer,3,3,2,6.7,147500.0
2.0,3,6,Full Stack Engineer,2,5,1,5.0,146800.0
1.9,2,22,Frontend Engineer,3,3,5,7.6,121100.0
4.3,3,6,Full Stack Engineer,1,2,0,5.2,183400.0
0.4,2,6,Frontend Engineer,3,1,5,3.4,86400.0
5.3,2,9,Full Stack Engineer,1,3,6,7.6,201100.0
0.2,3,14,Data Scientist,1,1,7,4.4,158200.0
0.8,3,23,DevOps Engineer,1,1,4,6.8,164300.0
4.4,2,17,Machine Learning Engineer,3,0,5,5.7,147500.0
0.4,3,5,Cloud Architect,2,5,2,5.3,168900.0
14.3,2,15,Frontend Engineer,2,2,2,8.4,202600.0
8.1,3,19,Frontend Engineer,2,0,0,6.6,161800.0
3.9,2,6,Backend Engineer,3,4,4,6.2,135400.0
6.8,3,24,Frontend Engineer,2,5,1,9.3,193500.0
8.7,2,19,Full Stack Engineer,2,0,1,8.2,187700.0
1.2,2,13,Data Scientist,2,3,3,5.7,147800.0
7.6,2,23,Data Scientist,3,3,4,9.9,181600.0
0.9,2,8,Backend Engineer,1,3,4,5.2,154800.0
2.1,2,16,Full Stack Engineer,1,4,2,7.0,172500.0
3.3,2,15,Full Stack Engineer,1,1,3,5.1,165700.0
5.0,2,4,Software Engineer,1,3,1,5.3,167400.0
0.1,3,23,Cloud Architect,2,5,7,7.6,179200.0
1.4,2,14,Frontend Engineer,2,5,7,6.5,134300.0
3.8,3,22,Backend Engineer,3,0,6,6.7,138500.0
1.8,2,18,Data Scientist,1,1,4,5.4,163700.0
6.0,1,21,DevOps Engineer,3,0,4,7.1,145500.0
4.2,2,19,Machine Learning Engineer,2,0,0,6.4,171600.0
1.1,2,10,Software Engineer,1,3,1,4.7,125800.0
0.6,2,13,Cloud Architect,2,0,0,5.1,133700.0
4.0,2,19,Full Stack Engineer,3,4,7,6.5,132800.0
2.4,2,20,Frontend Engineer,1,5,3,7.6,164100.0
0.7,2,10,Data Scientist,2,5,4,6.9,149300.0
1.6,2,14,DevOps Engineer,1,5,3,7.0,184400.0
1.4,3,20,Software Engineer,1,1,5,6.5,158400.0
0.5,3,8,Full Stack Engineer,2,3,0,4.4,123700.0
3.2,3,4,Data Scientist,3,3,1,6.2,145500.0
5.8,4,6,Data Scientist,2,0,4,6.0,186300.0
3.4,2,19,Full Stack Engineer,2,0,5,5.6,142500.0
7.0,2,18,Full Stack Engineer,3,2,5,7.2,156100.0
0.5,3,7,Backend Engineer,1,2,1,5.3,155900.0
2.3,2,15,Data Scientist,3,3,3,7.3,138500.0
3.8,3,4,Full Stack Engineer,2,3,5,4.6,161700.0
4.5,2,20,Machine Learning Engineer,3,0,2,5.9,157900.0
4.8,2,18,Cloud Architect,3,4,1,7.5,165900.0
5.2,1,23,DevOps Engineer,3,4,5,7.0,145000.0
4.2,4,23,DevOps Engineer,1,5,1,8.3,223400.0
0.4,3,13,Machine Learning Engineer,2,0,1,5.4,145700.0
4.8,3,14,DevOps Engineer,2,2,4,5.6,169500.0
5.2,2,21,Software Engineer,2,2,3,7.5,166700.0
20.0,2,5,DevOps Engineer,2,4,7,9.5,285500.0
4.7,1,9,Frontend Engineer,1,3,3,7.1,164900.0
4.6,3,19,DevOps Engineer,1,0,4,6.1,196200.0
2.9,2,10,Machine Learning Engineer,1,5,1,7.3,202000.0
8.1,2,22,Backend Engineer,3,5,1,8.8,165200.0
20.0,2,15,Full Stack Engineer,3,3,7,10.0,240300.0
6.0,2,21,Frontend Engineer,1,2,2,7.8,187200.0
3.8,2,13,Backend Engineer,3,4,5,6.6,128800.0
0.3,2,10,Data Scientist,1,3,1,4.7,148500.0
5.2,2,7,Frontend Engineer,2,2,5,5.9,147900.0
4.9,3,20,Machine Learning Engineer,1,2,0,7.0,220900.0
6.0,2,20,Backend Engineer,3,5,5,8.0,156500.0
0.5,2,7,Full Stack Engineer,2,2,7,5.5,123700.0
4.2,2,24,Full Stack Engineer,1,3,1,8.2,195500.0
1.4,4,8,DevOps Engineer,2,1,7,5.0,159500.0
5.7,2,4,Backend Engineer,1,4,2,5.9,195200.0
1.1,2,22,Data Scientist,1,2,0,6.4,156300.0
4.6,2,14,DevOps Engineer,1,3,2,6.6,192600.0
1.4,2,4,Machine Learning Engineer,1,5,5,5.5,177500.0
0.0,4,11,Backend Engineer,3,0,2,4.7,107300.0
4.0,3,7,Software Engineer,2,5,5,6.3,168300.0
0.5,2,18,Backend Engineer,1,4,3,6.0,152600.0
4.3,2,20,Backend Engineer,1,0,5,6.9,180000.0
10.4,1,21,Machine Learning Engineer,1,0,4,8.1,254900.0
13.9,2,6,Full Stack Engineer,1,5,2,7.8,264900.0
1.1,3,21,DevOps Engineer,2,3,1,5.4,140400.0
6.6,2,10,Data Scientist,1,5,3,7.5,228300.0
1.7,2,20,DevOps Engineer,2,1,6,5.6,145800.0
9.2,3,21,Backend Engineer,2,3,0,9.0,211800.0
6.2,2,23,Frontend Engineer,1,3,5,7.7,187900.0
0.3,2,11,Full Stack Engineer,3,4,4,5.7,105900.0
2.1,1,14,Full Stack Engineer,1,3,3,5.9,155300.0
1.6,2,6,Cloud Architect,1,4,2,6.4,203600.0
6.2,3,10,Backend Engineer,1,2,6,6.9,207500.0
2.1,2,18,Machine Learning Engineer,1,4,6,7.7,209100.0
4.6,2,13,Frontend Engineer,1,3,3,6.6,176400.0
3.7,2,15,Backend Engineer,1,2,1,6.8,173400.0
14.9,2,15,Frontend Engineer,3,2,1,9.2,176400.0
11.1,3,22,Full Stack Engineer,3,1,1,9.6,186300.0
2.2,2,22,Frontend Engineer,2,5,4,7.7,142700.0
5.1,3,18,DevOps Engineer,2,3,7,6.5,190400.0
7.1,3,24,Backend Engineer,2,0,6,6.4,191200.0
9.2,3,24,Software Engineer,1,5,3,10.0,241800.0
0.3,3,8,Software Engineer,1,3,7,5.2,145100.0
1.4,1,16,Frontend Engineer,1,0,3,5.6,125300.0
1.5,3,12,Machine Learning Engineer,2,5,6,7.2,182900.0
2.3,2,13,Backend Engineer,1,1,2,4.4,156800.0
0.7,1,11,Data Scientist,1,3,0,5.2,142800.0
2.7,1,12,Software Engineer,1,5,7,6.5,166000.0
4.4,2,9,Cloud Architect,1,1,1,5.9,200300.0
2.8,2,21,Full Stack Engineer,1,0,0,5.8,157000.0
4.4,2,13,DevOps Engineer,1,4,6,6.1,216600.0
0.3,1,18,Backend Engineer,1,3,6,5.4,139100.0
8.3,2,16,Backend Engineer,1,2,0,8.3,218700.0
11.2,2,14,DevOps Engineer,1,2,1,7.6,245500.0
3.8,3,5,Software Engineer,1,1,7,4.5,167000.0
8.5,2,11,DevOps Engineer,1,4,7,8.0,247600.0
0.6,2,21,DevOps Engineer,2,2,1,5.8,129100.0
6.4,2,6,Data Scientist,1,2,7,4.9,200700.0
0.5,2,6,Cloud Architect,1,3,2,3.8,171700.0
2.1,2,24,DevOps Engineer,1,2,4,7.0,176400.0
1.6,2,10,Full Stack Engineer,1,0,1,4.9,142000.0
3.5,2,21,Data Scientist,1,1,0,6.6,177000.0
1.4,2,24,Full Stack Engineer,3,5,7,8.0,133900.0
4.1,2,24,Software Engineer,3,2,7,6.5,132600.0
1.8,4,12,Backend Engineer,1,3,6,4.9,180700.0
7.9,2,21,Full Stack Engineer,2,5,2,10.0,206300.0
4.0,3,4,Backend Engineer,1,0,7,5.2,188300.0
1.0,3,7,Frontend Engineer,1,5,3,6.0,161900.0
1.6,1,7,Frontend Engineer,2,2,6,4.5,110700.0
7.5,4,20,Cloud Architect,1,1,2,7.4,263600.0
2.0,3,5,Software Engineer,2,1,1,4.4,129100.0
3.1,2,18,Cloud Architect,2,1,6,7.0,176700.0
4.2,2,16,Software Engineer,2,2,5,6.8,149800.0
1.7,2,12,Machine Learning Engineer,3,0,1,5.2,123500.0
1.4,2,10,Software Engineer,3,4,4,5.6,117000.0
2.6,1,15,Frontend Engineer,3,5,2,7.4,119500.0
1.0,3,15,Full Stack Engineer,1,1,1,5.5,149600.0
1.3,3,17,DevOps Engineer,1,0,0,5.4,157800.0
0.3,2,18,DevOps Engineer,2,3,0,5.7,127900.0
1.4,3,4,DevOps Engineer,3,3,2,4.7,123200.0
1.5,3,12,Data Scientist,2,0,6,4.2,139100.0
13.1,2,19,DevOps Engineer,3,3,4,9.4,200700.0
3.6,2,12,Software Engineer,1,3,5,6.3,175600.0
6.2,2,19,DevOps Engineer,1,1,2,5.7,194100.0
0.2,3,5,Data Scientist,1,2,4,4.1,145800.0
0.5,3,13,Data Scientist,2,2,0,4.6,131500.0
6.7,2,21,Frontend Engineer,3,2,1,8.1,143100.0
3.9,2,16,Machine Learning Engineer,1,2,3,6.9,193400.0
0.8,3,5,Full Stack Engineer,3,0,1,3.6,100100.0
2.1,3,16,Frontend Engineer,2,1,0,6.1,129300.0
3.1,2,6,Software Engineer,2,0,5,4.8,124600.0
7.4,2,18,Frontend Engineer,3,5,6,8.4,151600.0
0.2,3,6,Frontend Engineer,1,5,0,6.2,137200.0
3.6,2,13,Frontend Engineer,3,3,1,5.9,111400.0
5.0,2,9,Software Engineer,1,1,1,6.5,171200.0
15.2,3,17,Software Engineer,1,4,5,9.9,277700.0
6.6,2,12,Cloud Architect,2,2,5,6.2,202300.0
1.3,3,21,Frontend Engineer,3,5,0,7.1,114200.0
4.9,2,11,Frontend Engineer,2,5,1,6.4,161200.0
5.8,1,9,Data Scientist,2,3,6,6.9,183000.0
5.2,2,18,Cloud Architect,3,2,3,6.1,169100.0
6.9,2,17,Full Stack Engineer,1,2,7,8.2,219400.0
9.4,2,18,Data Scientist,3,2,3,7.5,174200.0
0.4,2,23,Machine Learning Engineer,2,5,2,7.9,160100.0
0.4,2,9,Full Stack Engineer,1,4,3,5.4,154000.0
6.4,3,15,Cloud Architect,1,3,0,7.5,253200.0
1.2,2,13,Machine Learning Engineer,1,2,0,5.1,165200.0
0.2,2,22,Full Stack Engineer,1,2,2,6.5,145600.0
2.1,2,11,Frontend Engineer,1,1,6,5.2,154600.0
6.9,2,8,Cloud Architect,1,2,4,5.4,241000.0
0.5,2,13,Cloud Architect,2,1,6,4.4,143400.0
4.5,2,14,Data Scientist,2,3,2,6.4,169600.0
0.0,3,23,Full Stack Engineer,2,3,4,6.2,128400.0
0.5,2,17,Machine Learning Engineer,1,3,4,6.8,185900.0
1.7,1,17,Full Stack Engineer,3,1,1,5.8,111500.0
0.3,2,5,Software Engineer,1,5,5,4.7,144700.0
7.5,2,20,Full Stack Engineer,2,5,3,8.5,204500.0
8.0,2,18,DevOps Engineer,1,4,6,8.1,242600.0
5.6,3,6,Frontend Engineer,2,4,4,6.2,160600.0
1.1,2,6,Backend Engineer,1,5,7,4.9,167200.0
3.0,2,6,Software Engineer,3,5,1,5.5,123100.0
0.8,2,6,Backend Engineer,3,2,2,5.0,109000.0
1.3,4,21,Cloud Architect,2,3,7,6.9,183100.0
2.9,2,9,Frontend Engineer,1,5,2,6.2,156700.0
5.3,2,17,DevOps Engineer,1,0,7,6.4,205000.0
0.4,2,6,Cloud Architect,3,5,6,5.3,144400.0
1.4,3,4,Backend Engineer,2,2,6,4.3,145200.0
10.4,1,13,Cloud Architect,3,5,4,9.0,222800.0
2.2,1,16,Full Stack Engineer,1,4,6,6.9,171600.0
11.2,3,12,Backend Engineer,3,4,1,7.5,187100.0
19.0,2,5,Data Scientist,3,3,0,9.2,231800.0
3.0,2,13,Frontend Engineer,2,1,6,4.7,126200.0
1.4,2,15,Data Scientist,1,2,5,6.1,159400.0
6.3,3,22,Backend Engineer,2,1,5,8.0,181900.0
0.7,2,6,Cloud Architect,3,4,3,4.7,121100.0
1.2,2,22,DevOps Engineer,3,3,4,6.8,128500.0
6.1,4,4,Cloud Architect,1,4,0,4.9,250700.0
2.3,2,18,Cloud Architect,1,3,7,7.2,201800.0
0.9,2,16,Data Scientist,3,5,3,7.1,127900.0
4.2,3,10,Software Engineer,2,0,7,5.9,162800.0
5.3,2,5,Backend Engineer,3,1,0,6.1,132100.0
0.5,2,23,Machine Learning Engineer,3,2,5,5.8,120100.0
1.3,2,14,Data Scientist,3,3,1,6.4,114100.0
1.0,2,19,Full Stack Engineer,1,5,6,7.9,165400.0
1.9,3,17,Backend Engineer,1,5,4,6.1,182100.0
5.8,1,18,DevOps Engineer,1,0,0,6.5,180300.0
5.0,2,23,Machine Learning Engineer,3,5,7,8.3,176200.0
4.3,3,22,DevOps Engineer,2,5,0,8.7,183900.0
0.0,2,10,Software Engineer,1,0,0,2.8,109000.0
0.6,2,12,Full Stack Engineer,1,1,5,6.0,141000.0
1.0,2,7,Backend Engineer,1,5,4,5.5,161600.0
1.3,2,9,DevOps Engineer,3,3,1,5.8,111400.0
0.6,2,13,Full Stack Engineer,2,2,1,5.3,118300.0
2.1,2,6,Backend Engineer,2,2,0,5.1,136500.0
0.3,2,24,Backend Engineer,1,2,1,5.2,138600.0
5.5,2,4,Frontend Engineer,3,4,3,5.8,133400.0
6.2,2,9,Data Scientist,1,4,1,7.3,227400.0
3.4,2,8,Backend Engineer,2,3,0,5.9,147000.0
0.4,2,18,Software Engineer,1,5,3,5.8,145900.0
8.8,2,14,Machine Learning Engineer,1,5,7,8.4,275100.0
13.5,2,23,Data Scientist,1,2,4,9.2,280400.0
0.9,2,16,Frontend Engineer,2,0,2,4.6,101600.0
4.9,2,9,Data Scientist,2,5,5,5.9,182000.0
7.4,2,8,Data Scientist,1,2,1,6.8,219600.0
3.1,2,5,Backend Engineer,1,3,6,5.9,179400.0
1.6,2,20,Software Engineer,3,2,3,7.7,114600.0
2.6,2,15,Backend Engineer,1,1,2,4.9,160000.0
2.9,3,15,DevOps Engineer,1,2,4,6.6,189000.0
2.0,3,17,Software Engineer,2,5,2,7.6,149400.0
10.6,2,10,DevOps Engineer,3,5,7,8.0,191200.0
5.4,2,17,Software Engineer,1,0,4,5.9,167800.0
1.1,2,10,Full Stack Engineer,3,3,0,4.7,113200.0
3.5,3,12,Backend Engineer,1,3,0,5.9,176900.0
4.7,3,17,Cloud Architect,1,0,5,6.3,221200.0
0.6,2,24,Cloud Architect,1,3,5,7.7,189100.0
1.8,3,20,DevOps Engineer,2,2,4,7.1,155100.0
9.4,2,20,Frontend Engineer,1,3,2,7.7,214300.0
3.3,2,24,Machine Learning Engineer,2,2,5,6.8,174800.0
1.0,3,16,Cloud Architect,1,3,7,6.8,216800.0
0.5,2,21,Cloud Architect,1,5,1,6.7,185400.0
2.9,3,22,Data Scientist,3,2,2,6.9,149800.0
3.2,1,20,Full Stack Engineer,2,2,5,5.8,145700.0
1.6,2,9,DevOps Engineer,1,5,2,6.7,177400.0
4.0,2,15,Frontend Engineer,2,0,6,4.6,139700.0
0.3,2,9,Machine Learning Engineer,2,0,1,3.2,125100.0
0.6,2,6,Machine Learning Engineer,1,5,2,6.0,180200.0
3.2,2,18,Backend Engineer,2,4,2,8.3,170200.0
0.3,2,6,Software Engineer,1,0,3,3.6,118000.0
8.5,2,18,DevOps Engineer,2,2,4,7.9,196800.0
0.6,3,4,Backend Engineer,3,2,0,4.8,104000.0
4.5,2,24,Machine Learning Engineer,1,3,5,8.1,232400.0
2.0,2,6,Backend Engineer,1,3,6,4.9,169800.0
2.0,2,8,Full Stack Engineer,1,4,5,5.4,165200.0
5.8,2,17,DevOps Engineer,3,2,5,6.1,140200.0
2.8,1,7,Frontend Engineer,2,4,4,5.9,128800.0
5.2,2,12,Machine Learning Engineer,1,2,2,6.3,208600.0
2.8,2,21,DevOps Engineer,2,0,1,6.0,140200.0
3.6,1,13,Cloud Architect,1,3,1,5.8,191100.0
5.7,2,11,Full Stack Engineer,2,5,0,6.7,165000.0
3.7,4,16,Frontend Engineer,2,5,0,7.7,168400.0
3.8,2,5,Cloud Architect,3,4,0,6.3,153700.0
6.2,3,23,Full Stack Engineer,1,1,1,7.4,209700.0
11.9,2,23,Data Scientist,2,5,2,10.0,241600.0
1.9,2,10,Software Engineer,2,2,0,4.8,117600.0
3.4,2,14,Cloud Architect,3,0,0,6.1,144000.0
0.4,3,8,Cloud Architect,2,1,6,4.4,149600.0
1.8,2,21,Software Engineer,2,0,1,6.2,121800.0
2.1,2,11,Software Engineer,1,0,5,5.1,147200.0
7.2,2,13,Data Scientist,2,2,2,6.8,185000.0
2.9,2,5,Machine Learning Engineer,3,0,0,3.6,116000.0
5.3,3,6,Machine Learning Engineer,3,4,7,5.6,174200.0
0.1,3,8,Data Scientist,2,1,2,5.0,133300.0
2.5,3,19,Software Engineer,1,0,3,5.5,152400.0
9.3,2,13,Software Engineer,3,5,5,8.1,169300.0
1.0,3,14,Frontend Engineer,1,5,5,5.8,161800.0
0.1,2,22,Frontend Engineer,1,0,7,4.9,123200.0
2.3,2,19,Cloud Architect,2,3,0,6.3,167300.0
4.9,3,15,Backend Engineer,1,3,7,7.9,211000.0
2.4,2,5,Cloud Architect,3,4,0,5.8,141400.0
2.5,1,14,DevOps Engineer,2,5,6,6.5,151400.0
4.4,2,4,DevOps Engineer,2,3,1,6.1,159900.0
1.2,2,8,DevOps Engineer,2,0,5,4.2,129500.0
5.6,2,24,Full Stack Engineer,3,5,7,9.6,166300.0
0.7,2,17,Frontend Engineer,2,0,6,6.5,119100.0
2.0,3,21,Frontend Engineer,1,1,3,6.9,151600.0
4.3,3,10,Frontend Engineer,3,5,3,6.8,139000.0
7.0,3,8,Frontend Engineer,1,3,3,7.0,198600.0
6.3,2,11,Cloud Architect,1,2,4,6.5,237600.0
5.1,3,24,Data Scientist,2,3,1,7.0,168500.0
1.8,3,18,Backend Engineer,1,0,1,5.2,149900.0
0.5,2,8,Frontend Engineer,3,1,7,3.8,86200.0
1.0,2,16,Machine Learning Engineer,2,3,0,5.7,148500.0
8.0,2,22,Full Stack Engineer,3,1,1,9.0,158900.0
7.8,1,5,DevOps Engineer,1,3,0,7.1,207000.0
12.1,2,8,Frontend Engineer,3,4,6,8.5,175300.0
0.3,2,8,Data Scientist,1,0,0,4.5,128100.0
3.1,2,9,Machine Learning Engineer,1,0,4,3.7,172400.0
4.2,2,19,DevOps Engineer,1,2,6,7.4,195100.0
5.0,2,5,Software Engineer,2,0,1,5.4,144800.0
4.1,3,8,Cloud Architect,1,2,1,4.2,216300.0
5.9,3,18,Software Engineer,2,0,4,7.1,162500.0
1.8,2,4,DevOps Engineer,1,3,4,4.0,167700.0
0.8,2,22,Backend Engineer,1,3,6,5.6,154900.0
0.9,2,6,Software Engineer,2,4,6,5.9,133500.0
0.0,2,22,Frontend Engineer,1,3,1,5.9,126600.0
1.7,2,18,DevOps Engineer,3,1,1,5.5,113900.0
0.4,3,6,Data Scientist,2,3,6,5.3,147600.0
1.6,2,11,Backend Engineer,3,2,0,5.1,111900.0
4.0,3,18,Machine Learning Engineer,1,5,2,7.5,224800.0
9.0,3,4,Frontend Engineer,3,4,5,6.8,157800.0
7.3,2,9,Software Engineer,2,5,0,7.6,185000.0
1.2,2,20,Full Stack Engineer,3,5,3,7.1,123400.0
0.6,2,19,Cloud Architect,1,1,3,5.8,170600.0
0.9,2,16,Frontend Engineer,2,1,2,5.1,115300.0
14.2,2,4,Full Stack Engineer,3,0,5,7.2,186300.0
3.2,4,6,Machine Learning Engineer,1,2,4,5.3,212600.0
0.8,3,9,Full Stack Engineer,2,5,3,6.9,151400.0
7.3,3,23,Machine Learning Engineer,3,3,4,8.3,196500.0
2.0,1,24,Backend Engineer,2,3,4,7.2,128800.0
9.2,2,6,Data Scientist,1,0,0,6.2,217900.0
1.2,2,18,Software Engineer,2,3,4,6.9,128400.0
2.0,2,18,Cloud Architect,1,1,2,5.3,180700.0
2.8,2,14,Software Engineer,3,3,0,6.3,113100.0
8.9,2,9,Cloud Architect,1,5,7,6.3,281000.0
8.1,2,9,Frontend Engineer,1,3,7,6.8,202700.0
3.4,3,12,DevOps Engineer,1,1,2,6.2,189500.0
1.0,3,17,Software Engineer,2,2,7,5.5,138600.0
2.1,2,14,Backend Engineer,3,5,4,6.8,132200.0
14.9,3,9,Software Engineer,1,2,3,8.1,262000.0
3.7,2,21,Frontend Engineer,1,1,5,6.2,159700.0
6.1,2,23,Software Engineer,1,1,4,8.2,189800.0
2.4,3,18,Data Scientist,3,5,2,6.6,137500.0
3.0,2,12,Machine Learning Engineer,2,4,1,6.6,177100.0
2.2,3,14,Full Stack Engineer,1,4,7,6.6,185900.0
4.9,2,5,Full Stack Engineer,2,3,1,5.2,149700.0
7.6,3,9,Machine Learning Engineer,1,5,7,7.6,273900.0
2.8,4,17,Full Stack Engineer,2,5,3,6.7,169400.0
2.6,2,17,Data Scientist,1,3,7,6.9,181600.0
1.7,2,16,Backend Engineer,3,4,6,5.7,116900.0
0.8,2,8,Frontend Engineer,3,3,5,4.9,96800.0
11.2,2,12,Data Scientist,3,2,2,7.7,188200.0
1.5,2,14,Frontend Engineer,2,2,3,6.3,126300.0
6.5,3,10,Backend Engineer,2,0,0,5.9,170900.0
5.0,2,5,Data Scientist,1,4,4,6.6,212300.0
6.3,4,15,Software Engineer,2,2,6,7.3,183200.0
11.0,3,8,DevOps Engineer,2,0,0,7.0,219100.0
3.9,2,5,Backend Engineer,3,1,1,4.7,124200.0
9.1,2,17,Full Stack Engineer,1,5,4,9.4,244500.0
0.7,2,10,Data Scientist,3,2,0,4.8,111000.0
3.9,2,8,Backend Engineer,2,0,7,3.9,143200.0
5.9,2,7,Backend Engineer,1,3,1,6.1,193100.0
1.3,1,13,Data Scientist,2,5,5,6.6,138500.0
5.4,2,19,Full Stack Engineer,3,0,0,5.7,127800.0
6.0,2,9,Machine Learning Engineer,3,2,7,5.7,175000.0
7.1,3,24,Full Stack Engineer,2,3,4,7.8,193600.0
1.5,3,9,Backend Engineer,1,3,0,5.8,162300.0
4.6,2,12,Frontend Engineer,3,0,6,6.6,126200.0
1.5,1,4,Machine Learning Engineer,2,0,7,3.7,136500.0
5.4,3,19,Cloud Architect,1,2,6,7.5,244400.0
2.5,4,20,Machine Learning Engineer,1,3,4,7.2,218900.0
3.6,2,16,Backend Engineer,1,4,0,8.0,179300.0
2.2,2,9,Data Scientist,1,0,3,4.2,158000.0
0.7,2,5,Data Scientist,3,4,5,4.8,116000.0
0.8,2,11,Data Scientist,1,4,0,5.5,162400.0
0.3,2,7,Full Stack Engineer,1,3,0,4.9,135100.0
3.9,2,12,Software Engineer,1,2,6,7.5,174500.0
7.6,2,10,Data Scientist,2,4,6,7.3,204500.0
0.1,2,24,Data Scientist,1,2,3,6.0,151800.0
0.3,1,4,Machine Learning Engineer,1,0,6,2.9,131200.0
2.4,2,17,Frontend Engineer,1,3,1,7.3,151100.0
5.4,3,5,Frontend Engineer,2,1,4,4.7,148900.0
0.7,2,11,Backend Engineer,1,3,2,5.8,154400.0
1.3,4,14,Backend Engineer,2,1,1,4.9,126200.0
1.1,2,8,Backend Engineer,1,5,4,5.0,161100.0
2.0,2,21,Data Scientist,1,0,0,6.4,159100.0
1.0,2,15,Frontend Engineer,1,2,1,5.3,128700.0
1.7,2,24,Backend Engineer,1,0,0,6.6,145700.0
5.2,2,23,Cloud Architect,1,3,1,8.3,232700.0
3.8,2,22,Frontend Engineer,1,1,1,7.2,160300.0
0.3,3,8,Data Scientist,1,5,2,5.4,166200.0
4.1,3,10,Machine Learning Engineer,2,1,3,5.9,187900.0
2.6,1,5,Data Scientist,1,3,1,4.6,163900.0
10.9,3,20,Backend Engineer,3,3,6,7.6,187800.0
1.4,2,16,Data Scientist,3,0,0,5.7,110400.0
5.2,2,14,Data Scientist,3,4,2,7.3,160300.0
5.3,2,8,Cloud Architect,1,1,1,5.2,217600.0
1.0,2,16,Frontend Engineer,3,3,6,5.2,98200.0
9.3,2,16,Software Engineer,1,0,3,6.0,199500.0
2.7,2,11,Cloud Architect,1,4,0,6.2,204100.0
4.5,2,14,Full Stack Engineer,1,2,2,7.4,190300.0
0.6,2,11,Cloud Architect,3,3,4,5.3,129100.0
1.2,2,13,Backend Engineer,1,4,5,5.8,158300.0
3.5,2,14,DevOps Engineer,3,2,3,6.1,134500.0
1.5,2,4,Software Engineer,1,5,7,6.7,173100.0
2.8,2,10,Machine Learning Engineer,3,2,6,5.9,144300.0
1.9,3,11,DevOps Engineer,3,0,4,4.2,113800.0
4.1,2,9,Backend Engineer,3,1,4,5.4,128500.0
2.7,2,17,Software Engineer,2,3,2,6.8,144300.0
0.0,2,23,Data Scientist,3,4,2,6.3,114300.0
4.2,3,10,Backend Engineer,3,5,2,7.2,153400.0
2.2,1,6,Software Engineer,1,5,6,5.3,160800.0
1.7,2,5,Full Stack Engineer,2,2,7,3.7,132600.0
0.4,2,21,Data Scientist,2,5,6,7.2,151300.0
1.0,4,6,Cloud Architect,1,1,4,4.2,180400.0
1.0,2,17,Backend Engineer,3,2,5,5.9,118400.0
11.0,2,21,Machine Learning Engineer,1,3,0,8.7,274100.0
2.3,2,16,Cloud Architect,2,3,2,6.0,167100.0
0.2,2,11,Machine Learning Engineer,1,5,3,6.5,173500.0
0.6,2,7,Backend Engineer,1,0,2,4.3,133200.0
0.3,3,18,Software Engineer,1,3,5,5.6,144300.0
3.6,2,15,Cloud Architect,3,3,2,5.4,147000.0
0.8,2,17,Cloud Architect,1,3,5,5.6,182700.0
2.8,2,23,Backend Engineer,3,1,2,6.8,119000.0
1.8,2,10,DevOps Engineer,3,4,7,5.5,132100.0
6.5,2,15,Data Scientist,2,4,4,7.2,191600.0
1.5,2,12,Frontend Engineer,1,5,5,6.0,159900.0
2.5,2,13,Cloud Architect,1,3,0,6.0,196900.0
5.1,2,11,Machine Learning Engineer,2,4,2,7.3,197300.0
2.3,2,23,Cloud Architect,1,5,4,7.8,213400.0
6.3,3,5,Cloud Architect,2,3,7,6.1,231500.0
4.3,2,19,Software Engineer,3,4,3,7.4,133100.0
2.1,3,24,Full Stack Engineer,1,4,0,7.3,173700.0
2.8,1,21,Cloud Architect,2,5,4,8.3,187800.0
13.7,2,23,Backend Engineer,3,2,7,10.0,202600.0
4.3,2,13,Data Scientist,3,5,5,8.4,155700.0
9.4,2,9,Backend Engineer,3,1,1,7.1,170300.0
0.8,2,9,Full Stack Engineer,3,2,3,4.6,109300.0
2.6,3,23,Data Scientist,1,2,3,6.5,188000.0
9.6,4,16,Full Stack Engineer,3,4,1,9.1,198000.0
1.6,2,22,Data Scientist,3,0,4,5.5,120700.0
13.7,3,20,Frontend Engineer,2,0,4,9.3,210100.0
0.4,2,5,Machine Learning Engineer,1,1,6,3.5,165400.0
9.3,3,21,Data Scientist,2,3,5,9.0,230100.0
2.4,2,10,Full Stack Engineer,1,4,3,5.4,169900.0
0.3,3,17,Software Engineer,1,1,6,5.9,143900.0
8.5,1,18,Cloud Architect,2,2,4,7.1,216700.0
1.2,3,11,Machine Learning Engineer,2,4,1,6.0,160200.0
0.1,2,12,Cloud Architect,2,2,6,4.9,151700.0
0.6,2,24,DevOps Engineer,1,1,4,6.4,146100.0
4.3,2,14,Frontend Engineer,3,0,3,5.5,120200.0
15.2,3,6,Backend Engineer,1,1,4,7.6,271600.0
0.5,2,23,Frontend Engineer,1,5,0,7.5,141400.0
2.5,2,17,Frontend Engineer,2,4,1,6.3,130600.0
0.8,2,11,Backend Engineer,1,4,7,5.1,155500.0
5.5,3,6,Data Scientist,1,3,1,5.8,213200.0
0.5,2,21,Cloud Architect,1,0,7,5.4,170000.0
1.1,2,17,Frontend Engineer,3,4,2,5.9,101000.0
0.9,3,23,Cloud Architect,2,0,4,6.5,160300.0
3.2,2,11,Machine Learning Engineer,1,4,5,6.1,203700.0
8.3,2,20,Cloud Architect,1,0,7,7.3,255200.0
2.9,2,11,Frontend Engineer,2,5,1,5.7,128700.0
0.2,3,8,Software Engineer,3,1,4,5.6,101500.0
3.3,2,15,Machine Learning Engineer,2,0,0,7.1,165000.0
6.4,2,5,Software Engineer,3,2,6,5.3,139300.0
0.6,3,20,Machine Learning Engineer,2,5,3,7.8,178100.0
0.3,1,16,Full Stack Engineer,2,1,3,5.2,122700.0
0.8,3,17,Backend Engineer,3,4,2,7.4,121900.0
5.5,2,12,Machine Learning Engineer,3,4,2,7.2,164000.0
3.6,2,12,Machine Learning Engineer,3,3,7,6.3,160400.0
3.1,2,12,Data Scientist,2,5,7,5.2,169900.0
1.1,2,23,Cloud Architect,3,2,5,6.1,141600.0
1.6,2,9,Data Scientist,2,5,7,6.0,160900.0
13.5,1,15,Cloud Architect,3,3,1,9.2,222400.0
1.1,3,13,Full Stack Engineer,1,5,5,5.6,170700.0
9.3,1,8,Data Scientist,2,1,1,6.1,190300.0
3.5,3,21,DevOps Engineer,3,3,1,7.6,144300.0
0.5,2,10,Cloud Architect,1,1,0,3.8,158600.0
2.5,2,16,DevOps Engineer,2,3,2,6.5,146800.0
11.9,3,4,Data Scientist,3,0,2,7.2,196500.0
2.2,2,9,DevOps Engineer,1,1,3,5.2,153700.0
8.0,3,24,Cloud Architect,2,1,2,8.4,229400.0
1.2,2,24,Software Engineer,2,0,2,5.0,113700.0
3.4,2,11,DevOps Engineer,2,0,0,4.7,133700.0
7.4,2,12,Data Scientist,1,2,5,8.1,221900.0
10.1,2,10,Data Scientist,1,0,1,6.4,226600.0
2.7,2,13,DevOps Engineer,1,3,5,6.9,184600.0
4.1,3,11,Cloud Architect,1,0,6,5.0,212000.0
0.0,2,5,Full Stack Engineer,1,0,6,3.4,122500.0
1.2,2,21,Full Stack Engineer,2,1,7,6.4,141800.0
1.3,3,18,Cloud Architect,2,1,0,5.8,152400.0
0.4,3,9,Frontend Engineer,3,5,4,5.9,112300.0
1.3,2,17,Data Scientist,1,0,3,4.9,147900.0
1.5,2,21,Data Scientist,2,2,3,5.8,138000.0
13.9,2,6,Machine Learning Engineer,1,1,3,7.0,286500.0
4.4,2,4,Data Scientist,3,3,5,5.2,147000.0
2.2,2,4,Software Engineer,2,5,1,5.4,130600.0
17.7,4,17,DevOps Engineer,3,3,1,10.0,243000.0
0.7,2,4,Machine Learning Engineer,1,0,1,3.7,141900.0
2.6,2,4,Data Scientist,2,0,3,4.4,136600.0
4.2,3,7,Software Engineer,2,2,7,5.6,159500.0
0.2,2,15,Frontend Engineer,3,0,3,4.2,95300.0
5.0,3,18,Machine Learning Engineer,2,5,5,7.9,208700.0
0.4,2,7,DevOps Engineer,2,4,5,5.2,140100.0
0.6,2,13,DevOps Engineer,1,4,6,6.4,165700.0
0.7,3,14,Cloud Architect,2,0,3,4.2,144000.0
10.6,2,9,Cloud Architect,1,5,4,7.0,295300.0
4.6,3,13,Backend Engineer,1,4,4,7.0,199400.0
4.3,2,15,Data Scientist,1,3,6,7.0,199200.0
3.2,3,6,Machine Learning Engineer,3,5,5,5.9,163700.0
1.4,2,18,DevOps Engineer,1,5,3,7.0,183700.0
3.9,2,19,Full Stack Engineer,3,0,1,6.8,128400.0
2.1,2,13,Machine Learning Engineer,3,3,1,5.7,128200.0
0.6,2,14,Full Stack Engineer,3,3,4,5.6,107600.0
4.7,1,19,Data Scientist,3,4,4,7.7,153300.0
0.6,2,20,Software Engineer,3,2,3,5.4,107800.0
0.8,2,17,Full Stack Engineer,1,3,3,6.1,153700.0
6.8,2,19,Machine Learning Engineer,1,4,1,8.1,240000.0
4.3,3,17,Cloud Architect,2,2,5,7.7,211800.0
4.0,2,9,Machine Learning Engineer,2,5,2,6.4,184500.0
2.2,2,13,DevOps Engineer,1,4,5,6.4,178500.0
2.0,2,20,Cloud Architect,2,4,6,7.7,180100.0
4.7,2,13,Full Stack Engineer,2,0,1,5.2,141500.0
5.4,3,24,Frontend Engineer,3,5,5,9.6,162600.0
2.9,2,13,DevOps Engineer,2,5,1,7.8,171100.0
13.9,2,17,Frontend Engineer,2,1,3,8.8,201300.0
12.5,1,23,Frontend Engineer,2,2,7,9.2,205800.0
2.1,3,20,Full Stack Engineer,2,4,7,8.1,167800.0
6.9,2,12,Full Stack Engineer,3,3,2,7.5,155600.0
3.1,3,18,Machine Learning Engineer,1,3,2,6.9,207100.0
2.9,2,10,Data Scientist,2,1,7,6.1,155300.0
0.2,3,5,Data Scientist,2,2,6,5.0,139700.0
3.4,2,7,Software Engineer,2,0,3,4.5,122400.0
9.2,3,23,Cloud Architect,1,2,0,8.8,276400.0
6.1,1,21,Full Stack Engineer,1,3,3,8.3,198300.0
6.2,2,14,DevOps Engineer,1,3,4,7.1,220200.0
0.7,3,8,Cloud Architect,1,0,5,3.3,165600.0
1.8,2,11,DevOps Engineer,3,0,2,4.2,113400.0
1.1,1,23,Cloud Architect,2,3,6,6.1,146300.0
1.5,4,8,Data Scientist,1,4,3,5.8,195700.0
3.5,2,5,Data Scientist,1,4,1,5.0,179300.0
1.8,2,8,Frontend Engineer,1,0,1,4.5,129500.0
3.3,2,6,Frontend Engineer,3,5,5,7.1,127800.0
2.3,2,15,DevOps Engineer,2,4,1,7.4,156900.0
1.4,3,22,DevOps Engineer,3,0,6,4.9,119800.0
0.4,2,10,Frontend Engineer,1,2,7,4.1,123800.0
8.9,2,22,Backend Engineer,3,2,3,8.0,161100.0
0.0,2,7,Cloud Architect,1,2,0,3.8,154600.0
0.0,2,17,Data Scientist,1,0,6,4.0,135600.0
7.0,3,22,Frontend Engineer,1,0,4,7.4,190300.0
20.0,3,21,Frontend Engineer,2,4,1,10.0,246600.0
5.2,2,10,Full Stack Engineer,1,4,3,7.3,202800.0
0.1,1,18,DevOps Engineer,2,4,0,6.1,115500.0
1.0,3,24,Machine Learning Engineer,3,1,2,6.3,135200.0
14.3,2,4,Frontend Engineer,1,0,7,7.3,230800.0
6.6,2,15,Full Stack Engineer,1,5,6,7.9,225400.0
3.3,2,22,Software Engineer,3,2,7,7.6,129500.0
1.1,2,9,Frontend Engineer,2,2,6,5.2,117000.0
0.1,3,16,Machine Learning Engineer,3,1,6,5.0,130200.0
0.1,2,9,Full Stack Engineer,1,1,7,3.3,132100.0
3.8,4,16,Machine Learning Engineer,1,2,6,7.4,230400.0
0.1,2,18,Frontend Engineer,1,0,2,4.8,119500.0
20.0,2,19,Software Engineer,3,2,5,10.0,214300.0
0.8,4,11,Frontend Engineer,3,2,7,4.0,97600.0
5.0,3,16,Full Stack Engineer,3,5,4,7.7,161300.0
0.7,3,16,Software Engineer,2,1,3,5.4,119900.0
3.1,2,23,Software Engineer,3,1,3,6.9,123300.0
0.3,3,23,Software Engineer,2,4,1,8.9,138200.0
5.8,2,15,Backend Engineer,2,1,0,6.2,154500.0
3.5,2,22,Full Stack Engineer,3,5,4,8.5,146400.0
0.4,2,20,Backend Engineer,1,5,0,7.3,152800.0
7.6,2,6,Machine Learning Engineer,1,2,6,5.8,234600.0
3.2,3,18,Software Engineer,1,5,6,7.9,187200.0
10.2,2,20,Backend Engineer,3,4,6,9.0,175900.0
9.9,1,9,Frontend Engineer,1,2,4,7.7,204300.0
10.1,2,22,Backend Engineer,1,0,3,9.3,228400.0
0.3,2,15,Data Scientist,3,0,3,5.0,104100.0
0.5,2,7,Machine Learning Engineer,1,1,4,4.1,154700.0
17.6,2,24,Software Engineer,1,4,0,10.0,278900.0
2.7,2,15,Software Engineer,2,5,5,7.8,146700.0
1.1,2,5,DevOps Engineer,3,3,2,4.2,123900.0
5.9,4,10,Cloud Architect,1,0,2,5.4,236600.0
1.2,2,19,Machine Learning Engineer,2,5,6,7.5,179700.0
5.2,2,15,Machine Learning Engineer,1,0,1,6.0,208100.0
7.3,3,19,Full Stack Engineer,2,0,1,6.5,175200.0
6.1,1,17,Frontend Engineer,1,0,5,6.9,169500.0
1.3,3,4,DevOps Engineer,1,1,0,4.5,155300.0
2.1,2,12,Machine Learning Engineer,2,4,5,6.0,176200.0
2.1,3,10,DevOps Engineer,3,0,3,4.8,125600.0
2.7,1,8,Machine Learning Engineer,2,5,0,5.8,156300.0
0.7,2,13,DevOps Engineer,3,5,4,5.6,123200.0
2.4,2,13,Full Stack Engineer,2,1,6,5.2,143300.0
2.9,2,21,Machine Learning Engineer,1,4,2,7.5,199100.0
3.0,3,10,Backend Engineer,1,4,1,5.3,180300.0
6.9,1,21,Data Scientist,3,3,7,7.9,170300.0
2.9,2,16,Data Scientist,2,2,0,6.3,147900.0
1.0,2,14,Data Scientist,3,0,0,5.7,105400.0
4.4,3,13,Machine Learning Engineer,1,1,4,5.8,217800.0
6.4,3,12,DevOps Engineer,1,4,6,6.5,227200.0
1.5,2,18,Data Scientist,1,3,6,6.3,171800.0
4.1,2,17,Frontend Engineer,1,2,3,6.3,166800.0
0.6,2,6,Backend Engineer,1,4,6,5.4,158400.0
1.7,2,17,Data Scientist,2,4,3,6.5,153000.0
9.6,2,24,Software Engineer,2,0,6,6.7,187800.0
9.7,2,19,Machine Learning Engineer,1,2,7,10.0,285300.0
3.4,4,6,Backend Engineer,1,2,6,5.3,190800.0
4.8,3,11,Frontend Engineer,2,1,2,5.9,155400.0
7.7,2,5,Data Scientist,2,3,5,5.5,201600.0
12.7,2,5,Frontend Engineer,2,5,5,7.4,196700.0
2.7,4,21,Machine Learning Engineer,2,1,1,6.4,171800.0
3.3,2,10,Data Scientist,3,3,3,6.1,127400.0
2.1,2,20,Software Engineer,2,1,3,6.7,130900.0
0.3,3,9,Backend Engineer,3,3,7,5.2,110900.0
2.2,2,13,DevOps Engineer,2,5,3,5.9,151300.0
6.3,2,10,Software Engineer,1,0,5,4.3,180900.0
6.5,2,7,Data Scientist,1,3,0,6.3,202900.0
8.9,2,14,Full Stack Engineer,2,5,6,8.1,207400.0
0.2,2,19,Cloud Architect,2,1,6,4.9,143600.0
3.0,2,20,Backend Engineer,2,2,3,7.2,150000.0
0.5,2,9,Frontend Engineer,1,4,5,4.4,134800.0
0.9,4,23,Data Scientist,2,5,4,7.9,161300.0
9.2,2,22,Software Engineer,3,5,5,8.6,166100.0
2.7,2,23,Machine Learning Engineer,2,5,2,8.0,188100.0
5.7,2,24,DevOps Engineer,2,3,3,8.8,181000.0
0.3,2,21,Full Stack Engineer,3,3,7,6.3,120700.0
2.2,3,18,DevOps Engineer,2,2,1,7.3,149700.0
4.5,2,5,Machine Learning Engineer,1,0,7,5.9,199400.0
0.6,2,22,Data Scientist,3,1,0,6.2,105100.0
1.6,2,9,Cloud Architect,1,0,6,4.8,182800.0
0.3,2,15,Frontend Engineer,2,3,4,6.4,114500.0
4.2,2,4,Software Engineer,1,3,5,5.8,177300.0
14.1,2,14,Backend Engineer,1,5,2,10.0,279700.0
7.0,2,22,Full Stack Engineer,1,5,0,8.6,217200.0
14.7,4,7,Data Scientist,1,0,4,6.5,296400.0
7.5,3,24,Data Scientist,1,1,0,7.2,228200.0
7.7,3,22,Data Scientist,1,3,2,9.9,244000.0
3.4,3,24,Data Scientist,3,3,2,7.8,148400.0
2.9,3,9,Software Engineer,3,0,3,4.7,123200.0
2.1,3,11,Backend Engineer,3,4,1,6.8,131100.0
6.8,1,12,Frontend Engineer,3,5,3,7.2,130600.0
0.8,2,13,Full Stack Engineer,2,2,5,5.7,123700.0
0.2,3,13,DevOps Engineer,3,3,6,5.6,125300.0
11.8,2,13,Cloud Architect,2,1,0,8.1,248300.0
0.0,2,7,Data Scientist,2,4,3,4.8,126300.0
15.1,2,21,Machine Learning Engineer,2,0,2,8.7,264100.0
5.2,2,15,Data Scientist,1,0,2,5.6,196500.0
1.6,2,14,Backend Engineer,3,1,2,4.9,114700.0
4.8,2,19,Backend Engineer,2,5,3,8.0,181700.0
6.8,2,22,Cloud Architect,1,5,6,7.9,267400.0
1.1,3,14,Software Engineer,1,4,5,5.4,158900.0
5.9,3,7,Software Engineer,1,1,5,5.7,188500.0
6.5,3,15,Machine Learning Engineer,3,3,4,7.3,181900.0
1.1,3,20,Machine Learning Engineer,3,4,3,7.0,140200.0
0.2,2,16,Software Engineer,1,2,3,5.5,131700.0
0.9,2,7,Full Stack Engineer,1,2,7,6.2,162600.0
0.9,1,9,Machine Learning Engineer,1,1,3,4.7,143900.0
0.3,3,10,Software Engineer,3,2,3,4.6,95300.0
5.2,1,11,Data Scientist,1,1,2,6.0,188800.0
1.9,3,5,Software Engineer,3,3,6,5.6,120400.0
8.6,2,12,DevOps Engineer,2,5,1,8.1,198800.0
1.2,3,13,Full Stack Engineer,3,3,3,6.2,121000.0
2.4,2,22,Software Engineer,2,1,7,6.8,139000.0
4.1,3,4,Software Engineer,2,3,3,5.2,151500.0
8.4,2,19,Data Scientist,2,2,1,8.0,203600.0
3.0,2,21,Machine Learning Engineer,3,3,7,8.1,151400.0
1.9,2,11,Data Scientist,3,2,3,5.5,123200.0
8.1,4,13,DevOps Engineer,2,5,6,7.5,223000.0
1.5,2,14,DevOps Engineer,2,5,1,6.4,148200.0
0.3,3,20,Cloud Architect,3,2,2,4.8,119900.0
2.4,3,10,Data Scientist,3,0,4,4.9,124900.0
6.2,3,6,Software Engineer,2,3,3,6.9,173300.0
0.1,2,10,Data Scientist,1,3,4,4.3,150800.0
3.5,2,9,Backend Engineer,1,1,3,5.4,175600.0
3.6,2,6,Frontend Engineer,3,1,0,5.5,112800.0
10.6,4,11,Frontend Engineer,1,4,6,8.8,244900.0
1.4,4,4,Data Scientist,1,2,5,5.2,187900.0
1.3,3,8,Machine Learning Engineer,1,5,0,4.7,183400.0
2.3,2,22,Full Stack Engineer,2,5,2,8.0,162300.0
1.8,2,16,DevOps Engineer,2,0,4,4.5,137600.0
5.3,4,14,Data Scientist,1,2,4,6.0,218700.0
4.1,1,14,Machine Learning Engineer,1,3,1,7.1,208000.0
5.7,3,5,Data Scientist,3,4,6,6.3,168600.0
6.9,2,12,Software Engineer,3,2,1,7.2,151500.0
10.3,2,5,DevOps Engineer,1,4,3,6.8,248600.0
2.3,3,24,DevOps Engineer,1,2,1,7.9,181700.0
16.7,2,22,Machine Learning Engineer,2,3,1,10.0,282400.0
1.0,2,15,DevOps Engineer,3,3,4,6.5,119600.0
5.0,4,12,Full Stack Engineer,3,2,0,5.6,142000.0
3.1,2,12,Data Scientist,2,5,4,7.4,177700.0
6.8,3,13,Backend Engineer,3,5,6,7.6,168700.0
2.6,3,8,Machine Learning Engineer,1,0,1,4.2,171900.0
6.1,1,12,Frontend Engineer,1,3,3,7.2,176900.0
10.6,2,21,Machine Learning Engineer,2,1,0,8.8,230500.0
5.3,2,13,Cloud Architect,3,0,7,5.4,159800.0
6.0,2,20,Backend Engineer,2,2,1,8.7,175500.0
0.3,2,13,DevOps Engineer,3,0,1,5.7,101800.0
0.9,3,17,Cloud Architect,3,1,5,5.9,141300.0
14.6,1,7,Backend Engineer,2,3,7,8.7,236000.0
4.7,2,13,DevOps Engineer,1,3,3,6.8,200800.0
3.3,1,21,Backend Engineer,1,5,3,6.9,170700.0
1.8,1,8,Full Stack Engineer,3,3,1,5.4,118100.0
0.2,2,12,Full Stack Engineer,1,5,1,6.0,141900.0
1.8,3,9,Machine Learning Engineer,1,1,4,4.5,181300.0
2.8,2,19,Cloud Architect,3,0,2,5.8,133300.0
1.0,2,19,Full Stack Engineer,3,2,3,4.7,108300.0
0.8,2,14,Frontend Engineer,1,2,6,4.8,134500.0
2.8,2,24,Cloud Architect,3,0,7,7.1,150000.0
3.5,2,18,DevOps Engineer,1,3,3,8.0,200600.0
1.1,3,22,Software Engineer,1,5,6,6.8,174800.0
3.5,2,6,Machine Learning Engineer,2,2,6,5.3,171600.0
9.2,2,19,Data Scientist,3,3,7,9.1,192900.0
2.6,2,24,Data Scientist,1,4,5,7.4,199800.0
7.8,2,23,Machine Learning Engineer,1,4,4,9.3,267300.0
10.5,1,8,Software Engineer,1,2,7,7.2,218800.0
0.4,2,12,Data Scientist,3,0,0,5.3,94800.0
0.4,2,8,Machine Learning Engineer,2,0,5,3.3,129600.0
2.6,2,7,Machine Learning Engineer,2,0,5,3.8,153800.0
3.5,2,16,Backend Engineer,1,3,0,6.9,172300.0
2.2,2,23,Frontend Engineer,2,4,7,7.6,142000.0
1.6,2,20,Cloud Architect,2,3,0,6.7,161700.0
4.1,3,23,Data Scientist,3,1,3,7.4,154900.0
0.0,2,15,Frontend Engineer,1,1,2,4.5,124800.0
13.8,3,23,DevOps Engineer,3,2,7,9.0,220500.0
1.1,2,23,Machine Learning Engineer,2,1,2,6.0,144200.0
10.0,2,10,Software Engineer,1,0,6,6.5,218400.0
0.5,2,4,Machine Learning Engineer,1,2,4,4.0,161100.0
1.1,3,19,Data Scientist,2,4,6,7.5,163400.0
1.1,2,10,Frontend Engineer,3,5,0,6.4,114800.0
20.0,2,5,Backend Engineer,2,4,0,10.0,267900.0
0.0,2,15,Cloud Architect,2,1,1,5.2,136700.0
4.1,2,14,Backend Engineer,1,1,4,5.7,179000.0
8.2,2,11,Machine Learning Engineer,1,4,5,7.0,255100.0
4.5,2,4,Software Engineer,2,1,5,4.2,145100.0
1.8,2,6,DevOps Engineer,2,1,4,4.1,138600.0
12.7,2,11,Cloud Architect,3,3,3,8.4,226500.0
9.0,2,11,Full Stack Engineer,1,5,3,7.4,234100.0
2.3,2,14,Data Scientist,1,5,4,6.9,189800.0
3.4,2,24,Machine Learning Engineer,1,4,2,7.8,214900.0
13.7,2,8,Backend Engineer,3,4,4,8.3,197100.0
16.2,2,11,Backend Engineer,2,1,2,9.4,238900.0
2.4,2,24,Software Engineer,1,0,3,5.0,145600.0
7.5,1,12,Backend Engineer,1,3,6,7.0,214300.0
1.4,2,20,Data Scientist,1,0,4,4.3,144600.0
1.9,2,8,Software Engineer,2,1,2,4.9,118700.0
0.7,2,22,Frontend Engineer,3,4,1,7.5,115100.0
0.9,2,22,Software Engineer,3,0,1,5.1,96900.0
4.3,2,5,DevOps Engineer,2,5,4,5.4,168900.0
2.9,1,22,Data Scientist,1,2,0,5.9,168000.0
1.1,2,18,DevOps Engineer,2,0,4,5.5,126700.0
2.1,4,11,Data Scientist,3,4,3,5.8,134600.0
1.9,2,11,Frontend Engineer,1,5,3,6.1,154700.0
17.5,2,4,Machine Learning Engineer,3,1,7,7.9,239800.0
7.7,2,17,Software Engineer,3,0,1,6.4,139600.0
2.0,2,14,Data Scientist,2,1,2,6.2,144800.0
9.8,3,10,Data Scientist,2,3,1,7.7,220500.0
1.7,3,21,Frontend Engineer,2,2,2,5.8,120000.0
4.4,3,18,Full Stack Engineer,2,4,6,7.0,177100.0
13.6,4,13,Software Engineer,1,4,4,8.6,275100.0
2.0,2,7,Cloud Architect,1,1,0,5.5,171900.0
4.6,2,24,Data Scientist,1,2,3,8.0,196300.0
1.4,3,4,Backend Engineer,3,5,4,5.3,121300.0
1.2,2,17,Frontend Engineer,2,4,1,7.6,130800.0
3.4,4,23,Full Stack Engineer,2,0,5,7.5,157100.0
15.5,2,23,Full Stack Engineer,3,4,5,10.0,217600.0
2.4,2,12,Frontend Engineer,1,0,4,4.8,140800.0
11.1,4,16,Full Stack Engineer,2,4,0,8.7,225600.0
9.8,2,20,Data Scientist,2,0,2,7.3,196200.0
1.2,3,23,Full Stack Engineer,1,3,6,8.0,173700.0
2.1,1,7,Software Engineer,1,1,0,4.1,132900.0
4.1,2,8,Cloud Architect,3,5,1,7.0,171500.0
2.9,3,21,Backend Engineer,3,5,0,8.2,135900.0
0.4,2,20,Cloud Architect,1,3,7,6.2,189700.0
20.0,1,24,Cloud Architect,3,5,3,10.0,277700.0
5.6,1,10,Data Scientist,3,0,5,4.7,135500.0
2.3,3,13,Frontend Engineer,1,5,7,6.6,168500.0
3.9,3,12,Backend Engineer,1,1,0,5.4,171500.0
0.4,2,16,Machine Learning Engineer,1,2,4,6.2,175600.0
2.7,1,21,Data Scientist,2,0,2,6.4,140600.0
10.7,3,15,Backend Engineer,2,5,3,7.9,226900.0
9.1,3,11,Full Stack Engineer,1,4,3,8.5,244100.0
1.6,2,21,Machine Learning Engineer,2,4,3,7.4,165200.0
3.0,2,8,Frontend Engineer,1,2,7,4.7,156400.0
4.8,3,10,Frontend Engineer,1,3,1,6.1,184100.0
1.7,2,18,Cloud Architect,2,0,1,4.8,143400.0
0.3,4,6,Software Engineer,1,4,4,4.9,159900.0
2.8,2,21,Full Stack Engineer,2,1,7,6.6,150200.0
3.7,2,9,Cloud Architect,3,2,2,5.4,142900.0
0.0,2,9,Software Engineer,1,3,0,4.7,120100.0
0.4,3,23,Software Engineer,1,3,4,5.8,147500.0
0.9,2,4,Full Stack Engineer,1,1,1,4.2,137600.0
1.7,2,24,Data Scientist,2,5,4,6.7,162100.0
3.1,2,20,Machine Learning Engineer,2,1,2,6.5,157900.0
1.4,3,14,DevOps Engineer,2,5,7,5.4,163000.0
1.3,2,5,Software Engineer,2,2,4,4.6,122100.0
8.1,2,12,Backend Engineer,1,1,6,6.8,214800.0
0.6,2,22,Machine Learning Engineer,1,4,5,7.2,187600.0
2.7,2,9,Data Scientist,1,3,5,6.2,193200.0
12.2,1,10,Cloud Architect,2,5,3,9.4,264600.0
3.9,2,7,Full Stack Engineer,1,1,0,4.2,154800.0
5.1,2,6,Frontend Engineer,3,0,6,4.9,118800.0
2.3,3,5,Data Scientist,2,1,1,5.7,154100.0
0.1,3,13,Cloud Architect,1,5,6,6.2,199800.0
4.2,3,13,Software Engineer,2,3,1,6.0,157100.0
4.0,2,20,Backend Engineer,3,4,5,7.6,140100.0
0.5,3,19,Cloud Architect,1,1,7,5.5,177800.0
2.5,1,4,Machine Learning Engineer,1,4,2,4.6,179700.0
9.9,1,15,Full Stack Engineer,2,0,2,7.8,179500.0
0.9,2,23,Frontend Engineer,2,5,2,7.8,132800.0
2.5,2,23,Machine Learning Engineer,1,3,1,6.5,193300.0
2.5,2,13,Backend Engineer,3,2,3,5.7,117900.0
6.7,2,4,DevOps Engineer,2,3,6,5.7,185500.0
7.0,2,19,Frontend Engineer,3,5,0,7.6,142500.0
5.7,2,14,Full Stack Engineer,1,2,2,5.9,186100.0
1.8,2,7,Machine Learning Engineer,3,2,1,4.1,117800.0
0.3,2,6,Data Scientist,1,3,3,4.7,150300.0
1.7,2,16,Software Engineer,1,5,2,6.6,160500.0
4.6,1,24,Full Stack Engineer,3,2,6,7.0,140400.0
4.9,2,18,Cloud Architect,1,5,2,7.6,233900.0
13.4,1,13,Backend Engineer,3,4,0,9.6,194200.0
2.4,2,9,Data Scientist,2,0,5,4.9,138400.0
4.0,3,14,Machine Learning Engineer,3,1,0,6.6,145600.0
3.1,2,4,Frontend Engineer,2,5,4,5.6,139000.0
0.7,2,23,Data Scientist,3,5,5,8.4,129400.0
2.5,3,7,Data Scientist,1,2,5,5.3,178300.0
3.1,2,13,Backend Engineer,2,5,6,6.6,170300.0
12.0,2,18,Software Engineer,2,5,5,9.7,218400.0
1.8,2,4,DevOps Engineer,3,2,2,3.8,124200.0
15.7,2,24,Cloud Architect,1,3,4,10.0,337000.0
3.1,2,18,Cloud Architect,2,5,6,7.7,189400.0
1.1,3,6,Data Scientist,2,4,1,5.6,155000.0
0.9,1,4,Data Scientist,1,1,6,3.7,138200.0
0.6,2,9,Software Engineer,2,5,0,7.4,130300.0
2.4,2,22,Software Engineer,3,2,5,6.7,113100.0
0.1,3,7,Frontend Engineer,1,4,5,4.1,136400.0
2.4,3,15,Machine Learning Engineer,2,1,3,6.4,161900.0
17.8,2,5,Cloud Architect,3,3,2,9.3,259000.0
4.4,2,20,Frontend Engineer,1,5,6,8.1,182900.0
5.7,2,9,Software Engineer,2,2,2,5.8,156400.0
0.5,2,15,DevOps Engineer,2,3,4,6.1,139300.0
2.6,2,18,Full Stack Engineer,3,5,0,8.3,133400.0
1.3,2,20,Software Engineer,2,3,5,6.8,136700.0
9.0,4,4,Frontend Engineer,2,2,5,5.4,182700.0
0.8,2,17,Backend Engineer,1,4,4,4.4,148000.0
2.5,2,5,Backend Engineer,2,4,6,5.6,152400.0
3.5,2,7,Machine Learning Engineer,3,3,2,5.0,143500.0
2.9,2,23,Data Scientist,1,3,0,7.3,183100.0
7.1,2,5,DevOps Engineer,1,5,2,6.4,223900.0
1.1,3,17,Backend Engineer,3,0,0,4.8,100800.0
1.9,1,21,Frontend Engineer,2,1,6,5.8,124700.0
6.3,4,11,Backend Engineer,2,5,2,7.0,193500.0
3.0,2,23,DevOps Engineer,3,3,3,7.9,139400.0
2.1,2,4,DevOps Engineer,3,3,5,5.2,126100.0
0.1,2,19,Full Stack Engineer,3,1,6,4.9,104500.0
5.6,2,10,Software Engineer,3,2,6,5.6,136900.0
14.3,2,9,Software Engineer,2,4,4,9.1,227500.0
3.9,2,22,Frontend Engineer,3,2,7,7.8,133200.0
7.8,2,13,Data Scientist,2,1,7,7.4,184900.0
2.9,3,9,DevOps Engineer,3,1,0,4.5,130800.0
1.1,2,13,Software Engineer,3,0,4,5.4,104900.0
0.1,2,22,Cloud Architect,1,5,0,6.1,165500.0
4.2,2,6,Backend Engineer,1,5,6,6.2,198700.0
2.7,2,23,DevOps Engineer,1,5,0,8.2,194300.0
6.1,2,6,Full Stack Engineer,3,5,5,5.5,153500.0
4.7,2,23,Cloud Architect,3,0,0,8.2,151900.0
17.7,2,9,Data Scientist,2,4,2,10.0,280500.0
2.9,2,20,Data Scientist,2,5,1,8.0,172900.0
2.2,3,21,Data Scientist,3,3,2,6.4,134000.0
1.4,3,13,Cloud Architect,1,1,1,5.2,183700.0
2.6,2,9,Software Engineer,1,0,5,5.2,149400.0
8.3,2,16,Machine Learning Engineer,2,2,5,6.9,219200.0
0.2,3,9,Data Scientist,3,5,2,5.5,121600.0
15.2,2,15,Cloud Architect,3,0,1,9.2,230200.0
20.0,2,17,Cloud Architect,1,2,7,9.7,377500.0
3.6,3,20,Frontend Engineer,1,0,7,6.5,161100.0
1.6,1,11,Backend Engineer,2,2,6,4.3,125000.0
1.0,3,8,Machine Learning Engineer,3,0,7,3.6,127100.0
1.3,2,7,Full Stack Engineer,2,0,5,3.9,125800.0
0.2,2,9,Backend Engineer,2,5,0,5.9,128300.0
2.6,2,14,Frontend Engineer,1,4,0,6.1,145100.0
0.2,3,8,Frontend Engineer,3,3,1,5.0,104000.0
5.1,2,17,DevOps Engineer,1,1,7,6.2,205400.0
1.9,2,13,Machine Learning Engineer,1,3,1,5.6,180200.0
0.9,3,14,Backend Engineer,3,4,4,6.9,121600.0
3.1,3,6,Software Engineer,3,5,0,5.3,124400.0
14.6,3,11,DevOps Engineer,2,2,2,9.0,249800.0
4.8,2,24,Frontend Engineer,2,3,4,8.0,154900.0
2.7,3,8,Data Scientist,1,1,6,4.6,180400.0
6.0,2,23,Full Stack Engineer,1,5,7,8.0,214300.0
5.3,2,24,Cloud Architect,1,1,1,6.8,225300.0
8.9,3,13,Full Stack Engineer,2,2,6,6.9,202500.0
0.9,2,11,Frontend Engineer,1,1,5,4.8,126000.0
7.8,2,24,Data Scientist,3,4,2,9.4,179600.0
1.4,2,12,Backend Engineer,1,3,3,5.5,156800.0
11.3,3,18,Cloud Architect,2,1,3,8.2,252100.0
1.3,2,4,Full Stack Engineer,2,3,6,4.7,140300.0
10.5,2,8,Data Scientist,2,0,6,6.9,212000.0
13.3,2,18,Data Scientist,1,3,7,9.8,290800.0
0.6,2,7,Software Engineer,3,2,5,3.8,98200.0
14.7,3,22,Frontend Engineer,2,4,3,10.0,228700.0
0.4,2,13,Data Scientist,2,5,5,6.9,147800.0
1.0,2,5,DevOps Engineer,2,1,2,3.4,121500.0
2.3,3,8,Backend Engineer,1,5,5,6.1,189900.0
20.0,2,21,Full Stack Engineer,2,4,6,10.0,273000.0
2.7,2,9,DevOps Engineer,2,3,1,5.3,142200.0
3.2,1,13,Software Engineer,3,1,2,6.6,115500.0
4.7,3,18,Backend Engineer,3,4,4,7.6,163000.0
13.8,2,12,Full Stack Engineer,1,2,4,9.4,271700.0
6.1,2,16,Frontend Engineer,1,0,3,6.5,180100.0
1.0,2,21,Backend Engineer,1,0,7,6.0,148800.0
1.4,2,10,Cloud Architect,3,2,6,4.8,132700.0
0.4,3,5,Full Stack Engineer,1,5,1,4.9,157100.0
4.1,3,19,Software Engineer,2,0,6,6.6,158600.0
0.8,2,5,Cloud Architect,2,2,4,4.7,142800.0
1.2,2,7,DevOps Engineer,2,3,0,5.4,133500.0
8.8,3,5,Full Stack Engineer,1,5,6,7.5,244200.0
1.6,2,20,Cloud Architect,1,5,0,6.5,191500.0
3.3,2,9,Data Scientist,2,2,3,5.0,152100.0
2.0,3,13,Software Engineer,1,0,6,5.6,161100.0
0.3,2,17,Backend Engineer,1,3,3,4.8,144000.0
1.8,2,18,Cloud Architect,1,5,3,7.3,210100.0
2.1,1,24,Machine Learning Engineer,2,2,7,6.9,162100.0
9.0,3,15,Cloud Architect,1,2,4,8.2,277300.0
1.6,2,22,Frontend Engineer,1,5,1,7.8,156000.0
1.9,3,14,DevOps Engineer,1,5,5,6.3,186200.0
6.1,4,4,Software Engineer,1,3,5,5.5,204000.0
5.7,4,11,DevOps Engineer,2,5,3,6.9,196200.0
6.4,3,9,Software Engineer,1,1,2,6.3,189400.0
12.3,1,15,Software Engineer,2,0,3,6.5,188000.0
6.3,3,23,Full Stack Engineer,1,5,7,8.9,231200.0
2.1,1,19,Cloud Architect,3,1,6,5.6,129200.0
6.9,3,21,Data Scientist,1,3,5,8.3,245100.0
2.8,2,15,Machine Learning Engineer,3,3,5,6.6,147900.0
1.3,2,23,Frontend Engineer,3,4,5,6.3,107200.0
1.4,1,5,Cloud Architect,2,4,7,5.0,154700.0
1.0,3,10,DevOps Engineer,3,3,7,5.4,120000.0
0.6,2,12,Frontend Engineer,1,4,4,5.8,138700.0
0.8,2,21,Data Scientist,1,2,1,6.3,150300.0
0.3,3,12,Full Stack Engineer,1,1,3,4.1,143300.0
8.8,2,11,Full Stack Engineer,1,3,0,6.8,216900.0
10.7,1,4,Data Scientist,1,2,3,5.9,242200.0
3.5,2,8,DevOps Engineer,2,0,3,5.2,148900.0
7.3,1,19,Data Scientist,1,0,1,7.0,199600.0
0.8,2,17,Backend Engineer,1,4,2,6.4,147100.0
9.3,4,16,Full Stack Engineer,1,4,7,7.4,258200.0
2.8,2,14,DevOps Engineer,2,2,3,6.0,145500.0
0.3,2,23,Software Engineer,3,0,3,6.2,94500.0
0.6,2,16,Cloud Architect,2,5,5,5.5,169500.0
1.5,4,18,Frontend Engineer,2,3,7,6.1,145300.0
0.2,2,19,Full Stack Engineer,1,5,4,5.9,154600.0
1.5,2,16,Data Scientist,3,1,1,5.3,118900.0
0.2,2,11,Software Engineer,1,4,4,5.0,144000.0
1.1,3,21,Cloud Architect,3,2,5,6.6,152300.0
1.2,3,22,Cloud Architect,2,5,3,7.6,180200.0
20.0,2,18,Cloud Architect,1,4,3,10.0,377600.0
1.1,2,13,Backend Engineer,3,2,0,5.4,101900.0
1.1,2,7,Machine Learning Engineer,3,0,4,4.3,117200.0
4.6,2,9,Backend Engineer,2,4,5,6.1,166000.0
7.8,2,11,Software Engineer,1,5,1,7.1,200900.0
2.0,2,10,Cloud Architect,2,2,6,5.8,165200.0
8.3,2,15,DevOps Engineer,1,2,6,8.2,243000.0
1.7,3,21,DevOps Engineer,1,5,6,7.9,197900.0
0.9,1,21,Software Engineer,1,4,3,7.0,147800.0
1.6,2,22,DevOps Engineer,2,1,0,5.8,132800.0
3.8,2,7,Data Scientist,2,3,0,6.4,153100.0
1.8,2,4,DevOps Engineer,1,0,6,4.3,156000.0
4.5,2,8,Machine Learning Engineer,3,5,2,7.8,170400.0
1.1,2,10,Data Scientist,1,5,1,5.3,160100.0
4.8,3,14,Frontend Engineer,1,4,6,7.6,194000.0
1.7,4,24,DevOps Engineer,2,4,0,7.8,158900.0
2.4,3,24,Machine Learning Engineer,3,1,1,6.6,141800.0
3.3,2,14,Machine Learning Engineer,3,0,6,6.3,145900.0
4.6,3,13,Frontend Engineer,3,4,3,7.2,133500.0
1.1,2,10,Backend Engineer,1,1,6,4.2,156600.0
7.2,2,19,Software Engineer,3,5,7,8.5,158900.0
5.1,2,4,Backend Engineer,3,3,2,5.1,133100.0
1.1,2,4,DevOps Engineer,1,2,5,4.1,154200.0
14.8,3,15,DevOps Engineer,2,3,7,9.8,261600.0
4.4,2,19,Data Scientist,2,3,7,7.9,175800.0
2.4,2,8,Full Stack Engineer,2,3,1,5.6,135100.0
0.7,2,17,DevOps Engineer,3,3,7,5.7,123400.0
3.0,3,21,DevOps Engineer,1,2,5,7.1,193100.0
0.7,3,12,Data Scientist,2,5,2,6.6,161600.0
2.2,2,5,Full Stack Engineer,1,0,5,3.0,144200.0
2.1,2,15,Cloud Architect,2,0,1,5.4,156200.0
5.1,3,13,Cloud Architect,3,5,5,7.2,188800.0
0.9,2,5,Cloud Architect,1,1,1,4.7,161400.0
6.9,2,18,Software Engineer,1,1,4,7.4,191100.0
1.6,2,7,Software Engineer,3,4,7,5.7,109900.0
2.3,2,22,Cloud Architect,3,3,2,6.8,150000.0
5.9,2,7,Machine Learning Engineer,2,3,1,6.2,196900.0
3.9,2,12,Software Engineer,1,2,4,6.6,165000.0
1.5,2,16,Frontend Engineer,2,3,4,6.1,123900.0
2.0,3,13,Frontend Engineer,3,2,2,5.8,107200.0
1.5,1,17,Cloud Architect,3,4,3,5.7,135500.0
3.6,2,6,Full Stack Engineer,1,1,2,4.9,163000.0
1.6,2,6,Backend Engineer,2,1,1,3.2,125600.0
5.2,1,23,Machine Learning Engineer,1,4,3,7.9,219000.0
3.5,2,19,Backend Engineer,1,4,7,7.4,186000.0
0.6,4,12,Full Stack Engineer,2,5,2,6.6,148800.0
1.5,2,17,Frontend Engineer,1,3,2,5.7,139400.0
1.0,2,19,Data Scientist,1,1,7,6.1,166600.0
2.0,2,12,DevOps Engineer,2,0,2,5.8,135000.0
2.9,2,8,Cloud Architect,2,4,7,5.5,185900.0
2.8,4,16,Machine Learning Engineer,3,1,2,5.0,143900.0
5.6,2,18,Full Stack Engineer,2,1,3,7.0,164200.0
0.8,3,7,Backend Engineer,2,2,1,3.9,122400.0
11.7,4,17,Full Stack Engineer,1,1,4,7.8,255800.0
1.7,2,23,Full Stack Engineer,1,4,2,7.9,176000.0
1.4,2,23,Software Engineer,2,3,7,8.1,139400.0
4.6,2,10,Cloud Architect,1,1,4,5.1,208900.0
6.5,3,7,Frontend Engineer,3,0,4,5.0,136100.0
1.9,2,20,Machine Learning Engineer,2,4,4,6.8,171900.0
5.5,2,12,Software Engineer,1,3,2,6.4,191000.0
8.6,2,7,Frontend Engineer,2,5,2,8.7,184400.0
5.8,2,6,Cloud Architect,3,3,5,5.8,170400.0
0.1,3,22,Full Stack Engineer,1,4,2,6.6,167000.0
7.0,2,12,Frontend Engineer,1,5,6,8.7,208300.0
6.0,2,11,Backend Engineer,3,3,2,7.1,146000.0
4.4,2,10,Cloud Architect,1,0,0,5.9,201600.0
5.7,2,10,Machine Learning Engineer,1,1,1,5.4,209000.0
15.5,2,7,Cloud Architect,1,4,0,8.6,328700.0
2.3,2,22,Cloud Architect,2,1,5,5.9,160100.0
0.3,2,15,Software Engineer,2,1,6,5.7,125100.0
2.5,2,23,Machine Learning Engineer,2,3,3,8.0,173700.0
0.2,1,9,Full Stack Engineer,3,4,6,5.0,104300.0
1.4,2,15,Backend Engineer,3,1,0,5.2,114800.0
3.5,3,23,Frontend Engineer,3,2,0,7.1,117900.0
1.5,3,7,DevOps Engineer,2,0,0,3.3,130700.0
4.6,2,5,Frontend Engineer,1,5,1,5.9,167000.0
6.9,2,18,Backend Engineer,3,3,4,8.2,159600.0
2.2,3,9,DevOps Engineer,1,4,3,5.3,183000.0
9.2,2,21,Frontend Engineer,3,4,3,9.1,161900.0
0.3,3,24,Software Engineer,1,3,6,6.1,158400.0
7.3,3,8,Data Scientist,3,1,1,6.0,159200.0
7.1,2,7,Frontend Engineer,3,3,5,6.2,145500.0
1.6,2,14,Full Stack Engineer,1,4,6,5.5,172000.0
1.4,2,14,Frontend Engineer,1,2,0,6.1,135000.0
1.5,2,12,Machine Learning Engineer,1,1,4,5.6,173400.0
6.7,3,6,Full Stack Engineer,2,5,6,6.3,190600.0
7.1,3,14,Frontend Engineer,1,3,6,7.2,201300.0
1.6,1,5,Frontend Engineer,2,4,2,5.2,111500.0
3.6,2,12,Cloud Architect,1,5,6,5.7,226600.0
0.6,2,13,Full Stack Engineer,1,4,1,5.1,136900.0
2.5,2,14,Software Engineer,2,4,5,7.3,144900.0
20.0,2,6,DevOps Engineer,2,2,4,8.7,278700.0
0.7,3,20,DevOps Engineer,1,1,5,6.6,172000.0
11.8,2,14,Data Scientist,2,3,1,7.7,223100.0
7.0,2,20,Data Scientist,3,1,1,7.8,160700.0
14.3,1,22,DevOps Engineer,1,4,2,10.0,281400.0
0.8,2,7,Software Engineer,1,2,5,4.5,142900.0
1.0,2,5,Frontend Engineer,3,5,4,6.5,110600.0
0.1,2,17,Data Scientist,1,2,5,4.9,152100.0
5.2,2,18,Software Engineer,1,4,6,8.0,194200.0
4.1,3,6,Software Engineer,2,1,5,5.4,147000.0
0.8,2,23,Data Scientist,1,5,7,9.5,192800.0
6.3,2,16,DevOps Engineer,1,1,0,6.1,194900.0
1.4,3,16,Full Stack Engineer,3,2,5,5.5,121100.0
0.6,3,21,Backend Engineer,1,5,4,7.7,174800.0
2.2,2,23,DevOps Engineer,3,0,6,6.2,129600.0
0.4,2,24,Full Stack Engineer,1,2,4,6.3,150700.0
1.2,3,10,DevOps Engineer,3,5,7,6.6,135700.0
1.9,1,19,Frontend Engineer,2,2,7,6.2,117800.0
7.6,2,19,Full Stack Engineer,1,3,0,7.6,219100.0
6.3,2,9,Machine Learning Engineer,2,2,2,6.7,187500.0
2.3,2,9,Backend Engineer,3,0,4,4.9,110900.0
5.2,2,7,DevOps Engineer,1,5,5,6.4,214100.0
3.4,2,6,Cloud Architect,2,5,5,5.8,196900.0
1.7,3,4,Backend Engineer,2,2,0,3.9,130600.0
5.2,3,6,Software Engineer,3,1,1,5.7,131900.0
4.6,4,22,Machine Learning Engineer,2,3,1,7.5,199100.0
3.9,1,12,Frontend Engineer,1,3,6,5.8,158900.0
3.8,2,17,Software Engineer,1,2,0,5.8,157300.0
4.6,3,22,Full Stack Engineer,2,3,1,7.9,168500.0
1.9,2,22,Full Stack Engineer,3,3,4,6.7,126600.0
8.1,2,16,Data Scientist,1,2,0,6.3,218600.0
0.7,2,19,Software Engineer,2,0,5,4.7,118500.0
8.6,2,11,Machine Learning Engineer,1,5,6,7.8,269000.0
1.7,2,19,Software Engineer,2,2,6,6.2,127600.0
0.5,2,12,Software Engineer,2,1,7,4.7,123400.0
3.7,4,12,Software Engineer,2,4,4,6.3,159500.0
1.9,2,6,Backend Engineer,3,0,3,3.3,101200.0
6.8,4,10,Data Scientist,1,2,2,6.0,228200.0
2.3,3,23,DevOps Engineer,1,0,5,7.0,184500.0
4.4,2,21,Frontend Engineer,3,4,5,8.4,131300.0
1.5,3,5,Frontend Engineer,1,3,2,5.2,142500.0
0.9,2,4,Cloud Architect,2,3,2,4.9,152100.0
2.0,2,15,Frontend Engineer,2,4,0,7.0,128700.0
3.7,2,19,Cloud Architect,2,3,3,6.4,183300.0
4.3,2,15,Backend Engineer,1,0,7,5.9,179900.0
3.5,2,24,Data Scientist,1,3,2,7.0,185000.0
17.7,2,13,Machine Learning Engineer,2,4,4,9.5,290900.0
4.7,2,12,Data Scientist,1,4,5,7.0,219900.0
10.7,2,24,Cloud Architect,2,5,2,10.0,262300.0
0.5,2,21,Backend Engineer,2,4,3,6.7,134900.0
0.3,2,7,Machine Learning Engineer,1,1,4,5.2,153900.0
1.5,2,11,Software Engineer,1,0,4,4.8,142500.0
0.6,3,24,Full Stack Engineer,3,4,0,6.8,115400.0
3.0,2,7,Software Engineer,2,5,7,5.4,137600.0
2.9,3,19,Frontend Engineer,2,0,0,6.6,128800.0
3.4,2,24,Software Engineer,3,5,1,8.3,131100.0
5.5,2,24,Backend Engineer,2,1,3,8.0,167000.0
14.2,2,11,Frontend Engineer,3,0,6,6.3,168300.0
8.4,1,10,Full Stack Engineer,1,2,4,7.1,206900.0
0.5,4,16,Machine Learning Engineer,3,1,3,5.0,127300.0
1.7,1,11,Cloud Architect,1,1,2,4.2,160500.0
1.2,2,10,Cloud Architect,3,3,6,5.4,130800.0
0.8,2,8,Machine Learning Engineer,3,4,5,6.0,124300.0
3.1,2,21,Cloud Architect,1,1,2,8.0,207000.0
3.2,3,22,Frontend Engineer,2,0,5,6.6,139900.0
1.0,2,13,DevOps Engineer,2,2,7,5.0,142500.0
5.0,3,14,DevOps Engineer,1,0,1,5.5,189400.0
5.3,2,11,Software Engineer,3,0,7,6.2,126700.0
0.1,2,9,DevOps Engineer,1,2,7,4.1,137000.0
2.0,2,14,Cloud Architect,3,5,4,7.1,150200.0
8.8,2,19,Data Scientist,1,3,5,8.6,250000.0
2.9,3,7,Data Scientist,2,4,7,5.9,180900.0
1.7,2,5,Machine Learning Engineer,1,1,4,3.4,165600.0
1.2,2,16,Data Scientist,1,4,5,6.2,168300.0
1.1,4,10,Frontend Engineer,2,3,1,4.5,123200.0
0.4,2,20,Data Scientist,2,5,2,6.7,139700.0
6.8,2,16,Backend Engineer,1,2,4,7.8,207000.0
0.4,2,13,Machine Learning Engineer,3,4,6,6.6,137800.0
1.4,2,16,Full Stack Engineer,1,0,7,5.4,156900.0
0.2,2,13,Data Scientist,3,1,5,4.6,105900.0
6.1,1,10,Backend Engineer,2,1,3,7.0,161900.0
0.2,3,13,Backend Engineer,2,5,4,5.7,135200.0
1.5,2,19,Frontend Engineer,1,3,5,5.9,138100.0
3.4,3,6,Machine Learning Engineer,2,3,7,5.9,195600.0
2.1,2,7,Frontend Engineer,2,2,5,5.2,115400.0
1.3,2,7,Full Stack Engineer,1,3,2,4.7,142000.0
1.3,3,7,Full Stack Engineer,1,4,4,5.4,175800.0
6.4,3,19,Cloud Architect,1,1,4,7.4,249500.0
14.6,2,12,Software Engineer,1,2,0,8.8,247000.0
1.7,2,9,Full Stack Engineer,1,3,5,5.7,165600.0
0.2,3,13,Machine Learning Engineer,1,0,7,4.3,166700.0
0.1,4,7,DevOps Engineer,2,1,7,4.5,134600.0
5.7,4,15,DevOps Engineer,1,2,4,6.8,221000.0
3.2,2,13,Machine Learning Engineer,1,1,5,5.4,195900.0
6.1,2,15,Cloud Architect,1,4,1,7.4,238800.0
4.8,2,22,Cloud Architect,2,5,1,8.3,207000.0
9.5,3,22,Frontend Engineer,1,3,3,8.1,224500.0
8.7,2,4,Backend Engineer,2,5,4,6.8,187000.0
6.2,2,7,Software Engineer,2,3,3,6.3,162900.0
2.6,3,16,DevOps Engineer,2,3,2,5.7,158700.0
1.5,2,11,Cloud Architect,1,0,5,4.3,164200.0
2.8,3,17,DevOps Engineer,2,4,2,8.4,170400.0
2.8,2,19,Full Stack Engineer,1,0,0,5.3,157500.0
3.8,2,5,Backend Engineer,3,4,0,5.5,125800.0
0.8,2,11,Frontend Engineer,3,4,7,5.2,98900.0
4.3,2,16,Cloud Architect,2,4,4,7.1,202900.0
2.4,2,4,Data Scientist,3,3,4,4.5,129600.0
3.9,2,15,Software Engineer,2,3,7,6.5,154400.0
1.1,1,20,Machine Learning Engineer,1,3,3,6.1,167500.0
2.3,4,10,Backend Engineer,1,0,7,5.4,181500.0
0.9,2,19,Frontend Engineer,2,2,3,6.2,119200.0
8.3,2,17,Frontend Engineer,3,5,4,8.0,157000.0
2.7,2,13,Software Engineer,3,4,6,6.9,123900.0
1.0,2,6,Software Engineer,2,0,7,3.4,106300.0
0.2,4,15,Cloud Architect,1,3,4,4.8,191800.0
4.5,2,11,Full Stack Engineer,2,5,0,6.9,169600.0
1.0,2,19,Full Stack Engineer,3,3,0,7.6,113400.0
18.3,3,4,Machine Learning Engineer,2,2,0,7.5,293900.0
3.1,2,20,Machine Learning Engineer,2,3,4,6.3,171600.0
1.4,2,9,Cloud Architect,2,4,7,6.1,171700.0
4.3,3,4,Software Engineer,3,1,3,4.5,133000.0
1.3,3,18,Software Engineer,3,5,1,7.3,120900.0
6.9,2,16,Backend Engineer,1,3,1,7.0,203200.0
1.5,2,9,Full Stack Engineer,1,2,3,5.1,143200.0
17.8,3,24,Frontend Engineer,3,5,3,10.0,212900.0
3.7,2,16,DevOps Engineer,3,1,7,5.4,132200.0
7.4,3,7,DevOps Engineer,1,5,6,7.8,247400.0
0.3,4,4,DevOps Engineer,2,4,3,5.2,146600.0
1.7,2,13,Cloud Architect,3,4,0,5.3,134900.0
5.3,2,7,Full Stack Engineer,3,4,2,6.7,144000.0
4.3,2,16,Full Stack Engineer,3,2,6,6.6,137300.0
0.9,2,7,Software Engineer,1,1,4,4.4,139500.0
1.8,2,19,DevOps Engineer,2,4,0,7.1,155700.0
1.2,4,12,Software Engineer,1,3,1,5.4,162600.0
3.8,2,7,Full Stack Engineer,3,1,4,5.1,131100.0
1.7,2,23,Data Scientist,1,4,3,7.5,185400.0
1.5,3,11,Data Scientist,2,1,7,5.4,153800.0
0.9,2,7,Machine Learning Engineer,2,5,5,4.7,161900.0
2.1,2,12,Full Stack Engineer,3,3,6,6.6,120500.0
0.9,1,14,DevOps Engineer,2,0,6,4.2,115900.0
13.1,2,8,Cloud Architect,1,4,1,8.9,309100.0
0.7,3,12,Data Scientist,2,3,3,5.6,143600.0
9.8,2,11,Cloud Architect,1,2,5,6.6,274700.0
2.2,2,7,Cloud Architect,1,5,3,6.2,200900.0
1.9,2,23,Machine Learning Engineer,3,4,3,6.9,144700.0
1.1,3,4,Machine Learning Engineer,2,0,4,4.4,143400.0
4.0,3,23,Full Stack Engineer,2,5,1,7.8,171800.0
4.6,2,16,Machine Learning Engineer,2,3,1,6.1,181500.0
2.5,3,8,Software Engineer,3,5,3,7.0,138900.0
0.2,2,23,Software Engineer,3,3,7,6.8,105900.0
10.0,2,24,Software Engineer,2,1,0,9.2,188800.0
15.7,3,13,Frontend Engineer,3,4,7,9.2,195100.0
2.3,2,19,Cloud Architect,2,0,7,4.7,157900.0
3.8,2,11,Software Engineer,2,2,2,6.9,141400.0
2.4,2,15,DevOps Engineer,3,1,5,5.7,126100.0
1.6,2,6,Software Engineer,1,4,0,5.6,150600.0
0.3,2,7,Full Stack Engineer,2,0,4,4.3,116800.0
2.4,1,20,Data Scientist,3,1,7,6.1,121300.0
6.8,2,24,DevOps Engineer,1,0,5,7.7,215800.0
0.1,2,23,Data Scientist,1,5,2,8.2,169300.0
3.5,2,16,Software Engineer,2,0,0,5.8,132000.0
8.5,2,9,Cloud Architect,1,1,7,7.1,256800.0
1.0,3,6,Software Engineer,3,1,5,3.1,103400.0
0.8,2,17,Software Engineer,1,4,6,7.1,157700.0
5.9,4,10,Machine Learning Engineer,1,1,1,5.1,228500.0
1.2,3,6,Full Stack Engineer,3,5,0,6.1,124400.0
0.9,2,9,Full Stack Engineer,1,4,7,5.7,164100.0
1.9,1,16,Cloud Architect,2,0,3,5.3,140400.0
2.0,2,17,Full Stack Engineer,3,1,4,5.8,114800.0
8.3,2,18,Data Scientist,3,4,0,8.3,177100.0
3.9,1,19,DevOps Engineer,3,4,5,7.0,138600.0
2.1,2,4,DevOps Engineer,1,2,0,4.5,161100.0
3.1,2,18,Frontend Engineer,1,4,5,8.4,171700.0
12.3,3,10,Data Scientist,1,4,7,9.3,285900.0
0.5,3,12,Full Stack Engineer,1,2,2,4.6,150400.0
0.9,2,18,Cloud Architect,2,3,3,6.5,159100.0
13.1,2,17,Backend Engineer,1,5,7,9.9,271600.0
12.6,1,22,Frontend Engineer,2,1,6,9.0,193400.0
0.8,2,21,Software Engineer,1,2,2,5.7,133100.0
0.6,3,12,Machine Learning Engineer,2,4,6,6.1,168300.0
2.2,3,4,Data Scientist,1,4,7,5.7,194000.0
0.2,2,15,Machine Learning Engineer,1,1,4,4.7,150000.0
4.3,2,13,Frontend Engineer,2,5,7,8.3,164100.0
0.3,2,10,Cloud Architect,2,0,4,5.2,141200.0
0.2,3,17,DevOps Engineer,3,2,5,6.0,118100.0
2.7,2,4,Cloud Architect,3,3,3,4.3,136400.0
12.7,2,18,Backend Engineer,2,1,2,8.9,212900.0
2.2,3,4,Frontend Engineer,2,1,3,4.5,122000.0
1.8,3,16,Data Scientist,1,2,7,6.3,188800.0
20.0,3,23,Full Stack Engineer,1,4,2,10.0,318000.0
3.0,2,5,Software Engineer,3,4,5,5.5,123600.0
1.9,2,6,Full Stack Engineer,1,3,5,6.3,165600.0
2.0,2,7,Full Stack Engineer,1,2,5,5.2,163900.0
0.9,3,19,Cloud Architect,1,1,1,5.6,179500.0
2.9,3,15,Data Scientist,1,2,3,7.6,197400.0
2.3,3,7,Full Stack Engineer,3,0,7,4.9,120200.0
1.3,2,15,Cloud Architect,1,1,6,5.1,174300.0
0.7,3,10,Full Stack Engineer,2,3,4,5.3,135200.0
1.5,2,23,Data Scientist,1,3,2,7.4,177400.0
2.8,1,6,Cloud Architect,2,1,1,4.6,154500.0
0.2,1,8,Data Scientist,2,4,4,5.3,126500.0
0.7,2,15,Backend Engineer,1,1,2,4.8,133500.0
11.8,2,15,Full Stack Engineer,3,1,1,7.0,168500.0
3.1,3,23,Frontend Engineer,1,0,4,6.6,158700.0
0.3,3,10,DevOps Engineer,2,1,4,4.6,131100.0
4.7,1,15,Software Engineer,2,5,1,7.8,162100.0
0.3,2,5,Machine Learning Engineer,3,5,4,4.8,126200.0
5.4,2,17,Software Engineer,1,2,2,6.2,181500.0
5.5,2,19,Data Scientist,1,2,6,6.7,207100.0
4.2,2,10,Cloud Architect,1,3,2,6.8,219300.0
5.3,3,7,Machine Learning Engineer,1,4,4,6.0,234000.0
0.4,2,23,Data Scientist,1,3,0,6.5,153800.0
5.2,3,8,DevOps Engineer,1,0,5,5.1,197100.0
0.6,3,17,Cloud Architect,2,1,1,5.1,149600.0
1.7,2,12,DevOps Engineer,3,3,0,5.3,119900.0
11.4,2,8,Backend Engineer,1,1,2,6.6,237700.0
2.8,3,5,Full Stack Engineer,3,3,4,6.0,122800.0
13.7,1,8,Data Scientist,3,1,3,8.1,199800.0
0.4,3,6,DevOps Engineer,3,3,6,5.5,114500.0
2.6,3,13,Data Scientist,3,5,3,7.6,150800.0
0.3,2,11,Software Engineer,3,5,5,4.5,115400.0
4.0,4,13,Full Stack Engineer,3,5,0,7.3,150400.0
0.3,2,5,Backend Engineer,2,2,7,3.9,122900.0
0.8,3,17,DevOps Engineer,2,0,0,5.9,130100.0
1.2,2,7,Cloud Architect,3,3,7,4.6,139900.0
5.5,3,24,Data Scientist,1,2,0,7.2,213600.0
0.7,2,15,Data Scientist,1,4,2,5.3,156900.0
7.5,3,23,Cloud Architect,3,3,5,8.4,201100.0
0.6,2,17,Data Scientist,2,1,6,6.0,131200.0
0.1,2,19,Software Engineer,3,0,5,5.5,94700.0
2.0,2,8,DevOps Engineer,1,2,2,4.3,156900.0
15.5,3,19,Data Scientist,2,2,5,10.0,270400.0
0.5,2,7,Data Scientist,1,0,6,4.3,142400.0
0.4,2,6,Software Engineer,3,3,4,5.2,101600.0
5.6,3,4,Data Scientist,1,1,2,5.9,206400.0
1.5,3,7,Cloud Architect,3,4,7,4.4,149500.0
5.1,2,12,Full Stack Engineer,1,3,7,6.1,197000.0
0.9,3,4,Full Stack Engineer,1,0,4,4.2,144800.0
2.5,2,19,Software Engineer,1,3,4,6.3,158700.0
1.2,3,6,Full Stack Engineer,1,3,0,4.8,155200.0
2.4,3,9,Machine Learning Engineer,2,0,3,4.6,157100.0
5.9,1,16,Machine Learning Engineer,1,0,6,5.6,210800.0
5.7,2,20,Machine Learning Engineer,2,4,0,7.8,203600.0
2.9,2,18,Backend Engineer,1,0,2,6.4,155500.0
10.5,2,24,Data Scientist,3,0,1,9.0,184000.0
1.2,3,15,Backend Engineer,1,0,2,5.8,156000.0
1.1,2,11,Full Stack Engineer,1,2,6,5.8,149500.0
3.8,3,19,Software Engineer,2,0,3,6.5,150400.0
3.9,2,6,Machine Learning Engineer,3,0,2,4.9,141600.0
0.2,4,7,Software Engineer,3,0,3,4.0,96900.0
3.7,3,10,Backend Engineer,3,4,1,6.0,136500.0
1.9,3,18,Cloud Architect,1,3,7,5.9,211200.0
5.5,2,14,Full Stack Engineer,3,0,1,5.6,133800.0
6.6,2,19,DevOps Engineer,3,0,5,6.7,148200.0
3.2,2,17,Data Scientist,3,4,4,6.6,147700.0
0.0,2,16,DevOps Engineer,1,3,6,6.1,145900.0
4.0,2,12,Full Stack Engineer,3,4,2,6.8,142800.0
5.5,3,21,Machine Learning Engineer,2,5,4,8.6,220300.0
1.1,1,6,Cloud Architect,2,1,0,4.5,130200.0
2.5,2,23,Full Stack Engineer,2,1,6,7.4,152400.0
13.5,2,8,Software Engineer,2,1,0,7.6,199800.0
1.4,1,5,Frontend Engineer,2,0,0,4.6,101200.0
1.0,2,24,Cloud Architect,1,4,5,7.6,200300.0
0.9,3,20,Machine Learning Engineer,3,0,0,6.3,126200.0
3.3,1,19,DevOps Engineer,2,1,0,7.4,141400.0
12.0,3,23,Data Scientist,2,3,7,10.0,249900.0
3.8,2,16,Machine Learning Engineer,1,3,2,6.8,206700.0
1.4,3,23,Machine Learning Engineer,3,5,7,7.7,153800.0
4.1,2,14,Data Scientist,2,4,4,6.6,175000.0
3.9,3,11,DevOps Engineer,1,5,4,6.5,205400.0
3.6,2,24,Machine Learning Engineer,3,3,3,8.2,161700.0
0.7,2,8,Software Engineer,1,1,0,3.9,131400.0
4.0,2,5,Full Stack Engineer,1,5,1,7.1,187400.0
2.2,3,7,Software Engineer,2,5,3,5.8,152200.0
0.1,3,6,Full Stack Engineer,2,5,3,7.0,139900.0
3.1,1,5,Frontend Engineer,1,4,2,5.2,143000.0
18.1,1,6,Machine Learning Engineer,1,4,3,9.6,335900.0
1.7,2,19,Frontend Engineer,3,1,1,5.8,100400.0
13.5,2,23,Backend Engineer,1,1,4,9.0,252200.0
0.4,2,12,DevOps Engineer,1,1,3,5.5,148500.0
5.3,2,9,Full Stack Engineer,3,5,7,6.2,151200.0
0.5,3,18,Software Engineer,1,1,2,5.2,143200.0
1.3,4,8,Cloud Architect,2,4,6,5.8,188900.0
3.4,2,12,Software Engineer,1,3,0,6.6,165600.0
3.6,1,9,Machine Learning Engineer,2,1,7,4.4,158200.0
6.0,2,6,Software Engineer,1,2,1,6.2,188600.0
3.8,2,16,Backend Engineer,3,4,0,7.2,144100.0
3.6,2,18,Data Scientist,2,0,5,5.5,153800.0
9.7,2,14,Software Engineer,2,3,3,7.5,195500.0
2.4,4,19,Machine Learning Engineer,3,4,4,5.9,155200.0
1.0,3,18,Frontend Engineer,3,1,2,6.7,102400.0
0.7,2,9,DevOps Engineer,1,5,6,6.4,169900.0
2.0,2,17,Software Engineer,3,2,1,5.4,111500.0
5.0,3,14,Software Engineer,1,0,4,6.4,176800.0
0.2,3,23,Software Engineer,2,3,1,6.4,132100.0
0.6,2,13,Machine Learning Engineer,1,1,2,5.5,163500.0
0.4,3,19,DevOps Engineer,2,4,7,6.3,154700.0
3.5,2,15,Data Scientist,1,4,2,6.7,191800.0
1.1,2,10,Software Engineer,2,3,3,5.2,128600.0
0.7,2,10,Data Scientist,2,2,1,4.6,114900.0
3.6,3,21,Data Scientist,1,5,5,8.8,222800.0
5.7,2,18,DevOps Engineer,2,1,5,7.4,179300.0
1.6,2,9,DevOps Engineer,3,3,3,5.4,112900.0
3.5,3,22,Backend Engineer,2,3,1,8.0,165900.0
0.4,3,11,Frontend Engineer,2,4,1,4.6,120600.0
10.9,3,23,Software Engineer,3,3,0,8.7,166500.0
1.6,2,18,Software Engineer,2,0,3,5.9,117800.0
20.0,4,7,Software Engineer,1,0,1,9.3,310600.0
15.4,2,21,Data Scientist,2,1,1,9.8,250500.0
6.0,2,16,Cloud Architect,1,3,7,6.2,247500.0
0.1,2,4,DevOps Engineer,3,4,7,4.1,117200.0
3.1,2,11,Full Stack Engineer,3,5,2,6.9,135600.0
0.4,2,22,Cloud Architect,1,1,6,7.5,185300.0
9.0,3,20,Frontend Engineer,2,2,0,9.0,172800.0
6.2,2,13,Machine Learning Engineer,2,4,5,8.3,210900.0
14.4,2,4,Software Engineer,1,2,7,7.9,243300.0
3.7,2,4,Full Stack Engineer,3,1,5,4.9,117700.0
3.0,1,24,Full Stack Engineer,2,0,2,6.0,128700.0
2.9,2,8,DevOps Engineer,1,4,6,6.5,187100.0
2.0,4,4,Full Stack Engineer,3,5,6,5.4,139200.0
2.5,3,24,Frontend Engineer,1,4,3,8.1,170700.0
4.0,4,24,Full Stack Engineer,3,1,5,7.2,147500.0
10.8,1,23,Machine Learning Engineer,1,4,3,9.8,279900.0
3.6,2,16,Software Engineer,2,4,1,7.0,151000.0
7.8,1,12,Machine Learning Engineer,1,1,4,6.8,224900.0
7.9,3,19,Software Engineer,1,3,6,8.8,222300.0
2.9,2,11,Backend Engineer,3,1,6,4.6,120400.0
1.7,2,17,Data Scientist,2,4,2,5.8,148700.0
4.1,2,20,Full Stack Engineer,3,5,6,8.2,143600.0
2.4,2,7,Machine Learning Engineer,2,5,3,6.8,179100.0
0.3,2,10,Data Scientist,3,1,6,5.6,116000.0
1.9,2,20,Data Scientist,3,4,1,6.3,124900.0
20.0,3,19,Data Scientist,2,2,1,10.0,291600.0
0.2,4,17,Data Scientist,2,2,2,4.8,149700.0
4.8,2,19,Data Scientist,3,0,6,6.1,143900.0
7.4,2,5,Software Engineer,1,1,7,6.4,200700.0
4.2,3,18,Frontend Engineer,3,1,7,6.5,125400.0
3.4,2,14,Full Stack Engineer,2,2,5,5.9,149600.0
4.9,1,16,Full Stack Engineer,2,2,1,7.1,160300.0
2.2,3,7,Software Engineer,1,2,0,4.5,152700.0
0.4,1,4,Machine Learning Engineer,3,5,5,6.0,124900.0
13.1,2,18,Software Engineer,1,5,4,9.9,261900.0
2.3,2,15,DevOps Engineer,3,0,2,5.1,127600.0
4.4,1,24,Cloud Architect,2,0,2,7.3,174400.0
3.0,1,12,Data Scientist,1,3,2,6.7,172300.0
0.2,1,10,Frontend Engineer,3,5,1,6.7,92700.0
12.2,2,6,Full Stack Engineer,3,1,1,6.9,178600.0
6.3,2,19,Machine Learning Engineer,3,0,2,7.5,156700.0
0.6,2,7,Backend Engineer,1,4,7,5.3,158900.0
16.0,2,17,Software Engineer,2,1,2,9.0,223100.0
5.3,2,16,Backend Engineer,2,3,0,6.7,155500.0
2.6,1,23,Full Stack Engineer,2,2,7,6.3,137500.0
3.8,2,22,Software Engineer,1,3,3,7.0,174500.0
0.5,2,5,Full Stack Engineer,1,1,5,4.7,145700.0
3.3,2,13,Software Engineer,3,2,5,6.4,127600.0
0.3,2,22,Machine Learning Engineer,2,3,0,5.9,138400.0
3.1,2,18,Full Stack Engineer,3,3,2,5.8,130200.0
3.2,2,10,DevOps Engineer,1,1,6,4.6,172800.0
8.3,3,18,Backend Engineer,3,0,1,6.8,150500.0
5.2,2,20,Frontend Engineer,2,4,1,7.7,154400.0
1.1,2,19,Machine Learning Engineer,3,3,2,7.2,126700.0
8.8,2,20,DevOps Engineer,1,4,3,8.5,246400.0
3.4,3,19,Machine Learning Engineer,3,5,4,8.6,174700.0
3.7,2,21,Software Engineer,2,5,4,6.9,152700.0
0.7,2,20,Backend Engineer,2,1,0,5.7,120500.0
7.8,2,7,Full Stack Engineer,1,1,5,6.6,210400.0
10.7,2,5,Backend Engineer,2,0,3,6.8,199200.0
6.0,3,20,Machine Learning Engineer,3,2,4,7.3,170000.0
11.3,3,20,Software Engineer,1,4,3,10.0,255700.0
1.4,2,5,Cloud Architect,2,3,1,5.3,150700.0
7.9,2,5,Backend Engineer,1,2,1,5.8,207600.0
2.7,3,18,DevOps Engineer,3,5,6,7.5,155600.0
0.7,2,19,Full Stack Engineer,3,5,7,7.4,121900.0
4.4,2,14,Data Scientist,1,4,3,6.6,208100.0
4.6,3,5,Machine Learning Engineer,1,4,7,7.0,230400.0
1.4,2,11,Frontend Engineer,2,2,2,4.8,120100.0
0.1,4,24,Frontend Engineer,1,2,4,6.6,153300.0
0.9,2,15,Machine Learning Engineer,2,0,4,4.3,137200.0
2.0,2,17,Cloud Architect,1,3,1,6.5,192800.0
0.7,2,17,Data Scientist,2,3,6,5.5,143200.0
0.9,3,15,Software Engineer,1,3,7,5.7,155700.0
2.0,2,5,Backend Engineer,1,5,6,4.6,180600.0
13.1,2,17,Backend Engineer,1,5,5,10.0,273700.0
5.8,4,15,Data Scientist,2,2,0,7.1,198100.0
1.5,2,12,DevOps Engineer,2,0,4,5.5,131200.0
12.1,2,11,Data Scientist,1,1,1,7.4,262500.0
4.1,2,23,Full Stack Engineer,2,0,6,7.5,167100.0
2.4,2,19,Full Stack Engineer,3,5,1,7.4,131700.0
2.5,1,13,Frontend Engineer,1,2,3,5.9,142100.0
2.1,2,10,Software Engineer,3,0,3,6.0,104000.0
1.1,3,18,Cloud Architect,2,2,5,5.7,161600.0
2.0,2,12,Software Engineer,1,4,3,6.9,163100.0
3.0,3,7,DevOps Engineer,1,4,7,6.1,206200.0
3.0,2,9,Data Scientist,2,1,0,4.8,141100.0
5.7,4,15,Frontend Engineer,2,5,6,6.9,187400.0
1.8,2,18,Frontend Engineer,1,4,4,6.2,148300.0
5.0,2,22,Full Stack Engineer,3,1,0,7.9,137800.0
3.5,2,5,Backend Engineer,2,3,6,6.4,158600.0
13.1,2,22,DevOps Engineer,1,2,0,9.6,268600.0
1.9,2,23,Software Engineer,1,3,3,7.2,150800.0
9.3,2,23,DevOps Engineer,1,3,5,9.4,248100.0
6.9,2,5,Frontend Engineer,2,1,1,5.7,151400.0
4.1,2,18,Full Stack Engineer,2,2,2,7.4,157000.0
4.3,2,15,Full Stack Engineer,3,1,1,6.3,131200.0
0.4,3,4,Full Stack Engineer,2,0,1,3.6,118300.0
12.0,3,17,DevOps Engineer,1,3,1,8.5,269300.0
0.5,2,7,Backend Engineer,2,2,1,4.0,111000.0
3.3,2,14,Frontend Engineer,1,3,0,4.5,155200.0
1.6,2,10,Data Scientist,1,0,3,5.3,150800.0
2.2,3,16,Data Scientist,3,5,3,6.9,142100.0
3.8,3,17,Full Stack Engineer,1,0,1,5.7,169300.0
9.6,2,10,Full Stack Engineer,3,5,2,6.9,175000.0
2.4,2,14,Backend Engineer,3,2,4,5.5,126300.0
17.6,2,23,Full Stack Engineer,2,2,1,10.0,251800.0
3.6,2,23,Machine Learning Engineer,1,0,1,6.2,189600.0
0.7,2,14,Frontend Engineer,1,3,2,6.0,136900.0
0.8,2,24,Cloud Architect,1,4,0,7.4,194600.0
5.0,2,12,Cloud Architect,2,3,1,5.8,182300.0
0.2,2,7,Full Stack Engineer,3,4,2,4.3,106500.0
2.6,3,5,Cloud Architect,2,1,0,3.8,162900.0
0.6,2,5,Full Stack Engineer,3,2,0,5.4,101400.0
2.3,2,12,Frontend Engineer,3,0,5,5.9,107100.0
5.5,2,22,Software Engineer,3,1,6,6.8,139800.0
2.5,2,18,Machine Learning Engineer,1,3,6,5.5,196900.0
0.7,3,24,Machine Learning Engineer,3,4,5,7.3,154100.0
1.2,2,24,Cloud Architect,2,5,5,7.7,177900.0
1.8,2,21,Data Scientist,1,2,1,6.8,169300.0
0.3,2,19,Full Stack Engineer,3,4,6,7.0,116000.0
3.5,2,5,Frontend Engineer,3,3,0,5.6,115900.0
3.7,3,15,Data Scientist,2,3,1,6.0,169100.0
0.3,1,4,DevOps Engineer,3,0,7,3.7,96100.0
2.1,2,5,Cloud Architect,1,1,7,4.9,189500.0
2.1,2,17,DevOps Engineer,2,2,1,5.7,141500.0
1.6,2,10,Backend Engineer,1,0,3,4.8,142200.0
3.3,2,20,DevOps Engineer,2,4,4,7.1,168200.0
1.7,2,18,DevOps Engineer,2,1,4,7.1,143700.0
2.2,2,20,Software Engineer,1,2,3,5.7,155500.0
6.4,3,12,Full Stack Engineer,2,4,6,7.9,194500.0
0.7,2,16,Software Engineer,1,2,1,4.7,130700.0
3.9,2,5,Full Stack Engineer,1,2,2,6.2,182600.0
2.8,2,18,Full Stack Engineer,1,5,0,6.7,174800.0
1.5,2,23,Full Stack Engineer,2,5,3,7.7,151600.0
5.2,2,14,Software Engineer,1,1,5,5.3,172200.0
3.2,2,22,Machine Learning Engineer,1,5,3,7.1,202500.0
2.6,2,17,Backend Engineer,1,4,3,7.4,175300.0
4.4,4,7,Machine Learning Engineer,1,5,6,7.1,238100.0
6.5,2,14,Frontend Engineer,2,0,6,6.4,153200.0
14.4,3,19,Frontend Engineer,3,0,3,9.3,187800.0
4.0,3,5,DevOps Engineer,1,0,4,5.2,181700.0
8.3,4,5,Machine Learning Engineer,2,2,1,5.9,212400.0
0.0,2,12,Backend Engineer,1,3,3,4.5,143400.0
3.0,3,24,DevOps Engineer,1,1,3,6.9,184500.0
1.0,4,24,Backend Engineer,1,0,7,5.8,166100.0
0.4,2,7,Full Stack Engineer,3,1,3,4.5,102700.0
3.0,2,11,Full Stack Engineer,2,5,2,6.9,159000.0
5.5,1,21,Frontend Engineer,2,2,2,7.1,147200.0
2.1,2,18,Full Stack Engineer,2,1,0,6.4,137900.0
4.4,2,5,DevOps Engineer,1,0,1,5.1,167500.0
2.7,2,14,Full Stack Engineer,3,0,3,5.8,110500.0
2.3,3,20,Backend Engineer,1,2,0,6.3,173200.0
1.4,1,10,Software Engineer,1,2,6,5.6,138200.0
1.9,3,11,Cloud Architect,1,4,5,6.3,210000.0
1.7,1,13,Machine Learning Engineer,1,2,0,6.0,159100.0
4.2,2,6,Data Scientist,1,3,5,6.7,198500.0
0.5,1,16,Data Scientist,2,3,5,6.1,131100.0
0.4,2,20,Full Stack Engineer,1,0,1,5.1,126800.0
4.3,3,16,Full Stack Engineer,2,5,2,6.8,168200.0
3.2,2,22,Machine Learning Engineer,1,2,7,7.7,211400.0
2.2,2,12,Data Scientist,3,3,1,6.1,124300.0
0.7,3,24,Backend Engineer,1,3,0,7.9,159800.0
2.1,1,19,Cloud Architect,2,4,5,5.8,156200.0
6.2,3,8,Data Scientist,2,5,1,7.6,208900.0
8.8,1,12,Data Scientist,1,5,2,8.0,242500.0
4.9,2,12,DevOps Engineer,1,2,0,6.0,186100.0
0.2,2,9,Data Scientist,1,4,1,4.9,146900.0
4.4,4,24,Full Stack Engineer,1,5,6,9.0,225300.0
1.1,2,13,DevOps Engineer,1,5,6,6.7,177200.0
1.5,3,21,Full Stack Engineer,2,1,3,5.5,131500.0
0.9,4,14,Machine Learning Engineer,2,4,3,6.2,160200.0
6.0,2,18,Data Scientist,2,5,7,8.6,200700.0
4.2,2,10,Cloud Architect,1,1,1,5.7,196500.0
3.8,3,17,Full Stack Engineer,3,1,1,7.0,134400.0
4.4,2,11,Machine Learning Engineer,1,5,5,6.7,225800.0
1.1,2,22,Data Scientist,1,2,6,5.2,158400.0
2.4,2,18,Cloud Architect,1,1,5,6.2,192500.0
4.0,3,22,Backend Engineer,1,1,2,7.1,193400.0
4.0,3,21,Full Stack Engineer,2,4,0,7.9,173000.0
6.3,2,20,Cloud Architect,2,2,1,8.2,205700.0
1.4,2,6,Cloud Architect,2,2,0,3.5,153100.0
5.9,3,6,Cloud Architect,2,1,3,5.3,195300.0
2.3,1,10,Software Engineer,3,4,0,5.4,104200.0
4.4,3,13,Cloud Architect,2,4,4,6.1,203400.0
2.4,1,20,Machine Learning Engineer,2,4,6,7.2,162500.0
11.9,3,18,Full Stack Engineer,1,4,2,9.7,275300.0
0.8,3,11,Backend Engineer,1,0,6,4.7,150600.0
4.5,2,20,Backend Engineer,2,5,2,7.6,166200.0
3.4,1,6,Full Stack Engineer,1,1,7,4.8,164000.0
0.8,2,7,Cloud Architect,2,1,0,4.9,140100.0
0.3,2,11,Frontend Engineer,1,1,7,5.1,127400.0
6.4,2,16,Machine Learning Engineer,3,2,7,6.8,168200.0
0.7,2,4,Data Scientist,3,2,2,3.9,101100.0
0.8,2,21,Data Scientist,1,4,0,5.9,170200.0
15.3,2,14,Backend Engineer,3,5,0,9.8,202800.0
5.1,3,24,Cloud Architect,3,2,3,6.7,180600.0
1.2,2,9,Full Stack Engineer,3,3,6,6.5,115700.0
3.6,2,19,Frontend Engineer,1,1,7,6.0,163300.0
3.1,2,24,Machine Learning Engineer,3,1,0,7.6,143500.0
7.4,3,22,Software Engineer,1,0,2,8.6,208800.0
5.2,2,20,Data Scientist,2,0,7,6.8,178900.0
7.1,2,21,DevOps Engineer,2,3,4,8.1,188400.0
1.0,1,14,Machine Learning Engineer,2,0,1,4.1,119500.0
4.1,3,17,Cloud Architect,1,5,2,7.3,232100.0
